Country,Country Speed,Mirror Name,Protocols,Hostnames,Mirror Speed,Status
Argentina,11 Gbps,SiTSA Telecomunicaciones,"https://mirror.sitsa.com.ar/ubuntu-releases/, http://mirror.sitsa.com.ar/ubuntu-releases/",mirror.sitsa.com.ar,10 Gbps,N/A
Argentina,11 Gbps,Zero.com.ar,"https://ubuntu.zero.com.ar/releases/, http://ubuntu.zero.com.ar/releases/",ubuntu.zero.com.ar,1 Gbps,N/A
Armenia,12 Gbps,ASNET-AM,http://mirrors.asnet.am/ubuntu-releases/,mirrors.asnet.am,10 Gbps,N/A
Armenia,12 Gbps,GNC-ALFA CJSC,http://ubuntu.mirror.gnc.am/ubuntu-releases/,ubuntu.mirror.gnc.am,2 Gbps,N/A
Australia,233 Gbps,Fremont Cabal Internet Exchange,"https://gsl-syd.mm.fcix.net/ubuntu-releases/, http://gsl-syd.mm.fcix.net/ubuntu-releases/, rsync://gsl-syd.mm.fcix.net/ubuntu-releases/",gsl-syd.mm.fcix.net,100 Gbps,N/A
Australia,233 Gbps,AARNet Pty Ltd,"https://mirror.aarnet.edu.au/pub/ubuntu/releases/, http://mirror.aarnet.edu.au/pub/ubuntu/releases/, ftp://mirror.aarnet.edu.au/pub/ubuntu/releases/, rsync://mirror.aarnet.edu.au/ubuntu/releases/",mirror.aarnet.edu.au,100 Gbps,N/A
Australia,233 Gbps,Internet Association of Australia Inc.,"https://mirror.internet.asn.au/pub/ubuntu/releases/, http://mirror.internet.asn.au/pub/ubuntu/releases/, rsync://mirror.internet.asn.au/ubuntu-releases/",mirror.internet.asn.au,20 Gbps,N/A
Australia,233 Gbps,DataMossa,"https://mirror.datamossa.io/ubuntu/releases/, http://mirror.datamossa.io/ubuntu/releases/, rsync://mirror.datamossa.io/ubuntu/releases/",mirror.datamossa.io,10 Gbps,N/A
Australia,233 Gbps,Fremont Cabal Internet Exchange,"https://lchs.mm.fcix.net/ubuntu-releases/, http://lchs.mm.fcix.net/ubuntu-releases/, rsync://lchs.mm.fcix.net/ubuntu-releases/",lchs.mm.fcix.net,1 Gbps,N/A
Australia,233 Gbps,Hostcentral,"http://mirror.as24220.net/pub/ubuntu-releases/, ftp://mirror.as24220.net/pub/ubuntu-releases/, rsync://mirror.as24220.net/ubuntu-releases/",mirror.as24220.net,1 Gbps,N/A
Australia,233 Gbps,Servers Australia,http://ubuntu.mirror.serversaustralia.com.au/ubuntu-releases/,ubuntu.mirror.serversaustralia.com.au,1 Gbps,N/A
Austria,36 Gbps,Easyname GmbH,"https://mirror.easyname.at/ubuntu-releases/, http://mirror.easyname.at/ubuntu-releases/, ftp://mirror.easyname.at/ubuntu-releases/, rsync://mirror.easyname.at/ubuntu-releases/",mirror.easyname.at,20 Gbps,N/A
Austria,36 Gbps,ANEXIA Internetdienstleistungs GmbH,"https://ubuntu.anexia.at/ubuntu-releases/, http://ubuntu.anexia.at/ubuntu-releases/",ubuntu.anexia.at,10 Gbps,N/A
Austria,36 Gbps,Kumi Systems,"https://mirror.kumi.systems/ubuntureleases/, http://mirror.kumi.systems/ubuntureleases/, ftp://mirror.kumi.systems/ubuntureleases/, rsync://mirror.kumi.systems/ubuntureleases/",mirror.kumi.systems,4 Gbps,N/A
Austria,36 Gbps,Niranjan Fartare,"https://at.ubuntu.niranjan.co/, http://at.ubuntu.niranjan.co/, rsync://at.ubuntu.niranjan.co/ubuntu/",at.ubuntu.niranjan.co,2 Gbps,N/A
Austria,36 Gbps,lagis Internet Serviceprovider GmbH,"http://ubuntu.lagis.at/releases/, ftp://ubuntu.lagis.at/releases/",ubuntu.lagis.at,100 Mbps,N/A
Azerbaijan,10 Gbps,OUR Host,"https://mirror.ourhost.az/ubuntu-releases/, http://mirror.ourhost.az/ubuntu-releases/, rsync://mirror.ourhost.az/ubuntu-releases/",mirror.ourhost.az,10 Gbps,N/A
Bangladesh,10 Gbps,XeonBD,"https://mirror.xeonbd.com/ubuntu-releases/, http://mirror.xeonbd.com/ubuntu-releases/",mirror.xeonbd.com,10 Gbps,N/A
Belarus,20 Gbps,"RUE Beltelecom, MGTS","http://by.releases.ubuntu.com/, ftp://by.releases.ubuntu.com/releases/, rsync://by.releases.ubuntu.com/releases/",by.releases.ubuntu.com,20 Gbps,N/A
Belgium,40 Gbps,Cu.be Solutions,"https://ubuntu.cu.be/, http://ubuntu.cu.be/",ubuntu.cu.be,20 Gbps,N/A
Belgium,40 Gbps,Belnet,"https://ftp.belnet.be/ubuntu-releases/, http://ftp.belnet.be/ubuntu-releases/, ftp://ftp.belnet.be/ubuntu-releases/, rsync://ftp.belnet.be/ubuntu-releases/",ftp.belnet.be,10 Gbps,N/A
Belgium,40 Gbps,Unix-Solutions,"https://mirror.unix-solutions.be/ubuntu-releases/, http://mirror.unix-solutions.be/ubuntu-releases/, rsync://mirror.unix-solutions.be/ubuntu-releases/",mirror.unix-solutions.be,10 Gbps,N/A
Belgium,40 Gbps,INTEGER SPRL,http://ubuntureleases.mirror.integer.be/,ubuntureleases.mirror.integer.be,100 Mbps,N/A
Belgium,40 Gbps,BOINC Team Belgium,"https://ubuntu.teambelgium.net/releases/, rsync://teambelgium.net/ubuntu/","ubuntu.teambelgium.net, teambelgium.net",100 Mbps,N/A
Brazil,33 Gbps,Universidade Estadual de Ponta Grossa,"https://mirror.uepg.br/ubuntu-releases/, http://mirror.uepg.br/ubuntu-releases/, rsync://mirror.uepg.br/ubuntu-releases/",mirror.uepg.br,10 Gbps,N/A
Brazil,33 Gbps,Universidade Federal do Amazonas,http://mirror.ufam.edu.br/releases/,mirror.ufam.edu.br,10 Gbps,N/A
Brazil,33 Gbps,C3SL/UFPR,"http://ubuntu.c3sl.ufpr.br/releases/, ftp://ubuntu.c3sl.ufpr.br/releases/, rsync://ubuntu.c3sl.ufpr.br/releases/",ubuntu.c3sl.ufpr.br,10 Gbps,N/A
Brazil,33 Gbps,Prefeitura Municipal de Campo Largo,https://deb.campolargo.pr.gov.br/ubuntu/releases/,deb.campolargo.pr.gov.br,1 Gbps,N/A
Brazil,33 Gbps,Univassouras,"https://ubuntu.univassouras.edu.br/releases/, http://ubuntu.univassouras.edu.br/releases/",ubuntu.univassouras.edu.br,1 Gbps,N/A
Brazil,33 Gbps,LAS-IC-Unicamp,"http://www.las.ic.unicamp.br/pub/ubuntu-releases/, ftp://ftp.las.ic.unicamp.br/pub/ubuntu-releases/, rsync://rsync.las.ic.unicamp.br/ubuntu-releases/","ftp.las.ic.unicamp.br, rsync.las.ic.unicamp.br, www.las.ic.unicamp.br",1 Gbps,N/A
Bulgaria,82 Gbps,Telepoint.bg,"https://mirror.telepoint.bg/ubuntu-releases/, http://mirror.telepoint.bg/ubuntu-releases/, ftp://mirror.telepoint.bg/ubuntu-releases/, rsync://mirror.telepoint.bg/ubuntu-releases/",mirror.telepoint.bg,20 Gbps,N/A
Bulgaria,82 Gbps,Neterra LTD,"https://mirrors.neterra.net/ubuntu/releases/, http://mirrors.neterra.net/ubuntu/releases/, ftp://mirrors.neterra.net/ubuntu/releases/, rsync://mirrors.neterra.net/ubuntu/releases/",mirrors.neterra.net,20 Gbps,N/A
Bulgaria,82 Gbps,Netix Ltd.,"https://mirrors.netix.net/ubuntu/releases/, http://mirrors.netix.net/ubuntu/releases/, ftp://mirrors.netix.net/ubuntu/releases/, rsync://mirrors.netix.net/ubuntu/releases/",mirrors.netix.net,20 Gbps,N/A
Bulgaria,82 Gbps,IPACCT,"http://ubuntu.ipacct.com/releases/, ftp://ubuntu.ipacct.com/releases/, rsync://ubuntu.ipacct.com/releases/",ubuntu.ipacct.com,10 Gbps,N/A
Bulgaria,82 Gbps,StorPool Storage,"https://mirrors.storpool.com/ubuntu/releases/, http://mirrors.storpool.com/ubuntu/releases/",mirrors.storpool.com,10 Gbps,N/A
Bulgaria,82 Gbps,Linux-BG.org,http://ubuntu.linux-bg.org/releases/,ubuntu.linux-bg.org,2 Gbps,N/A
Canada,168 Gbps,GoCodeIT Inc,"https://mirror.xenyth.net/ubuntu-releases/, http://mirror.xenyth.net/ubuntu-releases/, rsync://mirror.xenyth.net/ubuntu-releases/",mirror.xenyth.net,100 Gbps,N/A
Canada,168 Gbps,PlanetHoster,http://ubuntu.linux.n0c.ca/ubuntu-cdimage/,ubuntu.linux.n0c.ca,20 Gbps,N/A
Canada,168 Gbps,The University of British Columbia,"https://mirror.it.ubc.ca/ubuntu-releases/, http://mirror.it.ubc.ca/ubuntu-releases/",mirror.it.ubc.ca,10 Gbps,N/A
Canada,168 Gbps,Manitoba Unix User Group,"https://muug.ca/mirror/ubuntu-releases/, http://muug.ca/mirror/ubuntu-releases/, ftp://ftp.muug.ca/mirror/ubuntu-releases/, rsync://muug.ca/ubuntu-releases/","ftp.muug.ca, muug.ca",10 Gbps,N/A
Canada,168 Gbps,Fremont Cabal Internet Exchange,"https://yxeix.mm.fcix.net/ubuntu-releases/, http://yxeix.mm.fcix.net/ubuntu-releases/, rsync://yxeux.mm.fcix.net/ubuntu-releases/","yxeix.mm.fcix.net, yxeux.mm.fcix.net",10 Gbps,N/A
Canada,168 Gbps,0xEmma,"https://mirror.0xem.ma/ubuntu-releases/, http://mirror.0xem.ma/ubuntu-releases/, rsync://mirrror.0xem.ma/ubuntu-releases/","mirrror.0xem.ma, mirror.0xem.ma",4 Gbps,N/A
Canada,168 Gbps,Team Hydra,"https://mirror.hep.gg/ubuntu-releases/, http://mirror.hep.gg/ubuntu-releases/, rsync://mirror.hep.gg/ubuntu-releases/",mirror.hep.gg,4 Gbps,N/A
Canada,168 Gbps,Savoir-faire Linux,"https://gpl.savoirfairelinux.net/pub/mirrors/ubuntu-releases/, http://gpl.savoirfairelinux.net/pub/mirrors/ubuntu-releases/",gpl.savoirfairelinux.net,1 Gbps,N/A
Canada,168 Gbps,Fremont Cabal Internet Exchange,"https://lesnet.mm.fcix.net/ubuntu-releases/, http://lesnet.mm.fcix.net/ubuntu-releases/, rsync://lesnet.mm.fcix.net/ubuntu-releases/",lesnet.mm.fcix.net,1 Gbps,N/A
Canada,168 Gbps,Kamatera Inc.,http://mirror.ca-tr.kamatera.com/ubuntu-releases/,mirror.ca-tr.kamatera.com,1 Gbps,N/A
Canada,168 Gbps,University of Calgary,"https://mirror.cpsc.ucalgary.ca/mirror/ubuntu.com/releases/, http://mirror.cpsc.ucalgary.ca/mirror/ubuntu.com/releases/",mirror.cpsc.ucalgary.ca,1 Gbps,N/A
Canada,168 Gbps,University of Waterloo Computer Science Club,"https://mirror.csclub.uwaterloo.ca/ubuntu-releases/, http://mirror.csclub.uwaterloo.ca/ubuntu-releases/, ftp://mirror.csclub.uwaterloo.ca/ubuntu-releases/, rsync://mirror.csclub.uwaterloo.ca/ubuntu-releases/",mirror.csclub.uwaterloo.ca,1 Gbps,N/A
Canada,168 Gbps,Mirror.digitaloceans.dev-release,https://mirror.digitaloceans.dev/ubuntu-releases/,mirror.digitaloceans.dev,1 Gbps,N/A
Canada,168 Gbps,eSecureData,"https://mirror.esecuredata.com/ubuntu-releases/, http://mirror.esecuredata.com/ubuntu-releases/, rsync://mirror.esecuredata.com/ubuntu-releases/",mirror.esecuredata.com,1 Gbps,N/A
Canada,168 Gbps,Dalhousie University,"https://mirror.its.dal.ca/ubuntu-releases/, http://mirror.its.dal.ca/ubuntu-releases/, rsync://mirror.its.dal.ca/ubuntu-releases/",mirror.its.dal.ca,1 Gbps,N/A
Canada,168 Gbps,Quantum,"https://mirror.quantum5.ca/ubuntu-releases/, http://mirror.quantum5.ca/ubuntu-releases/, rsync://mirror.quantum5.ca/ubuntu-releases/",mirror.quantum5.ca,1 Gbps,N/A
Canada,168 Gbps,Rafał Rzeczkowski,"http://releases.ubuntu.mirror.rafal.ca/, ftp://releases.ubuntu.mirror.rafal.ca/releases/, rsync://releases.ubuntu.mirror.rafal.ca/releases/",releases.ubuntu.mirror.rafal.ca,1 Gbps,N/A
Chile,14 Gbps,Hostednode SpA,"https://mirror.hnd.cl/ubuntu-releases/, http://mirror.hnd.cl/ubuntu-releases/, rsync://mirror.hnd.cl/ubuntu-releases/",mirror.hnd.cl,10 Gbps,N/A
Chile,14 Gbps,Universidad de Chile - Direccion de Tecnologias de la Informacion,http://mirror.uchile.cl/ubuntu-releases/,mirror.uchile.cl,2 Gbps,N/A
Chile,14 Gbps,ElMirror.cl,"https://elmirror.cl/ubuntu-releases/, http://elmirror.cl/ubuntu-releases/, rsync://elmirror.cl/ubuntu-releases/",elmirror.cl,1 Gbps,N/A
Chile,14 Gbps,Universidad de La Frontera,"https://mirror.ufro.cl/ubuntu-releases/, http://mirror.ufro.cl/ubuntu-releases/, rsync://mirror.ufro.cl/ubuntu-releases/",mirror.ufro.cl,1 Gbps,N/A
China,29 Gbps,Nanyang Institute of Technology,"https://mirror.nyist.edu.cn/ubuntu-releases/, http://mirror.nyist.edu.cn/ubuntu-releases/, rsync://mirror.nyist.edu.cn/ubuntu-releases/",mirror.nyist.edu.cn,10 Gbps,N/A
China,29 Gbps,Tsinghua University,"https://mirrors.tuna.tsinghua.edu.cn/ubuntu-releases/, http://mirrors.tuna.tsinghua.edu.cn/ubuntu-releases/, rsync://mirrors.tuna.tsinghua.edu.cn/ubuntu-releases/",mirrors.tuna.tsinghua.edu.cn,10 Gbps,N/A
China,29 Gbps,Dalian Neusoft University of Information (大连东软信息学院),"https://mirrors.neusoft.edu.cn/ubuntu-releases/, http://mirrors.neusoft.edu.cn/ubuntu-releases/",mirrors.neusoft.edu.cn,1 Gbps,N/A
China,29 Gbps,Shanghai Jiao Tong University,"https://ftp.sjtu.edu.cn/ubuntu-cd/, http://ftp.sjtu.edu.cn/ubuntu-cd/, ftp://ftp.sjtu.edu.cn/ubuntu-cd/",ftp.sjtu.edu.cn,1 Gbps,N/A
China,29 Gbps,Harbin Institute of Technology,"https://mirrors.hit.edu.cn/ubuntu-releases/, http://mirrors.hit.edu.cn/ubuntu-releases/, rsync://mirrors.hit.edu.cn/ubuntu-releases/",mirrors.hit.edu.cn,1 Gbps,N/A
China,29 Gbps,Huazhong University of Science and Technology,"https://mirrors.hust.edu.cn/ubuntu-releases/, http://mirrors.hust.edu.cn/ubuntu-releases/",mirrors.hust.edu.cn,1 Gbps,N/A
China,29 Gbps,Jiangxi University of Science and Technology,"https://mirrors.jxust.edu.cn/ubuntu-releases/, http://mirrors.jxust.edu.cn/ubuntu-releases/",mirrors.jxust.edu.cn,1 Gbps,N/A
China,29 Gbps,Sohu,"http://mirrors.sohu.com/ubuntu-releases/, ftp://mirrors.sohu.com/ubuntu-releases/, rsync://mirrors.sohu.com/ubuntu-releases/",mirrors.sohu.com,1 Gbps,N/A
China,29 Gbps,Xi'an Jiaotong University,"https://mirrors.xjtu.edu.cn/ubuntu-releases/, http://mirrors.xjtu.edu.cn/ubuntu-releases/",mirrors.xjtu.edu.cn,1 Gbps,N/A
China,29 Gbps,Capital Online Data Service,"http://mirrors.yun-idc.com/ubuntu-releases/, ftp://mirrors.yun-idc.com/ubuntu-releases/, rsync://mirrors.yun-idc.com/ubuntu-releases/",mirrors.yun-idc.com,1 Gbps,N/A
China,29 Gbps,YlmF.NET,"http://releases.ylmf.net/, rsync://releases.ylmf.net/ubuntu/",releases.ylmf.net,1 Gbps,N/A
China,29 Gbps,Northwest A&F University,http://mirrors.nwafu.edu.cn/ubuntu-releases/,mirrors.nwafu.edu.cn,100 Mbps,N/A
Colombia,11 Gbps,Fremont Cabal Internet Exchange,"https://edgeuno-bog2.mm.fcix.net/ubuntu-releases/, http://edgeuno-bog2.mm.fcix.net/ubuntu-releases/, rsync://edgeuno-bog2.mm.fcix.net/ubuntu-releases/",edgeuno-bog2.mm.fcix.net,10 Gbps,N/A
Colombia,11 Gbps,Atlas Internet,http://mirrors.atlas.net.co/ubuntu-releases/,mirrors.atlas.net.co,1 Gbps,N/A
Costa Rica,10 Mbps,Ucr.ac.cr,"https://mirrors.ucr.ac.cr/ubuntu-cd/, http://mirrors.ucr.ac.cr/ubuntu-cd/",mirrors.ucr.ac.cr,10 Mbps,N/A
Croatia,1 Gbps,"Faculty of civil engineering, Zagreb","http://hr.releases.ubuntu.com/, ftp://hr.releases.ubuntu.com/ubuntu-releases/, rsync://hr.releases.ubuntu.com/releases/",hr.releases.ubuntu.com,1 Gbps,N/A
Czech Republic,34 Gbps,"CZ.NIC, z.s.p.o.","https://cz.releases.ubuntu.com/releases/, http://cz.releases.ubuntu.com/releases/, rsync://cz.releases.ubuntu.com/ubuntu-releases/",cz.releases.ubuntu.com,10 Gbps,N/A
Czech Republic,34 Gbps,Vodafone Czech Republic a. s.,"https://mirror.dkm.cz/ubuntu-releases/, rsync://mirror.dkm.cz/ubuntu-releases/",mirror.dkm.cz,10 Gbps,N/A
Czech Republic,34 Gbps,IT4Innovations National Supercomputing Center,"https://mirror.it4i.cz/ubuntu-releases/, http://mirror.it4i.cz/ubuntu-releases/",mirror.it4i.cz,10 Gbps,N/A
Czech Republic,34 Gbps,"Ignum, s.r.o.","http://ucho.ignum.cz/ubuntu-releases/, ftp://ucho.ignum.cz/ubuntu-releases/, rsync://ucho.ignum.cz/ubuntu-releases/",ucho.ignum.cz,2 Gbps,N/A
Czech Republic,34 Gbps,Czech Technical University Prague,"http://ftp.cvut.cz/ubuntu-releases/, ftp://ftp.cvut.cz/ubuntu-releases/",ftp.cvut.cz,1 Gbps,N/A
Czech Republic,34 Gbps,Kilobyte,http://ubuntu.kilobyte.cz/,ubuntu.kilobyte.cz,1 Gbps,N/A
Denmark,61 Gbps,dotsrc.org,"https://mirrors.dotsrc.org/ubuntu-cd/, http://mirrors.dotsrc.org/ubuntu-cd/, ftp://mirrors.dotsrc.org/ubuntu-cd/, rsync://mirrors.dotsrc.org/ubuntu-cd/",mirrors.dotsrc.org,20 Gbps,N/A
Denmark,61 Gbps,Fibia P/S,"https://mirrors.fibianet.dk/ubuntu-releases/, http://mirrors.fibianet.dk/ubuntu-releases/, rsync://mirrors.fibianet.dk/ubuntu-releases/",mirrors.fibianet.dk,20 Gbps,N/A
Denmark,61 Gbps,Netsite,"https://mirror.netsite.dk/ubuntu/releases/, http://mirror.netsite.dk/ubuntu/releases/, rsync://mirror.netsite.dk/releases/",mirror.netsite.dk,10 Gbps,N/A
Denmark,61 Gbps,One.com,"https://mirror.one.com/ubuntu-cd/, http://mirror.one.com/ubuntu-cd/, ftp://mirror.one.com/ubuntu-cd/, rsync://mirror.one.com/ubuntu-cd/",mirror.one.com,10 Gbps,N/A
Denmark,61 Gbps,c0urier.net,"https://mirrors.c0urier.net/linux/ubuntu-cd/, http://mirrors.c0urier.net/linux/ubuntu-cd/, rsync://mirrors.c0urier.net/ubuntu-cd/",mirrors.c0urier.net,1 Gbps,N/A
Dominican Republic,10 Gbps,Fremont Cabal Internet Exchange,"https://stix.mm.fcix.net/ubuntu-releases/, http://stix.mm.fcix.net/ubuntu-releases/, rsync://stix.mm.fcix.net/ubuntu-releases/",stix.mm.fcix.net,10 Gbps,N/A
Ecuador,200 Mbps,Consorcio Ecuatoriano para Desarrollo de Internet Avanzado - CEDIA,"https://mirror.cedia.org.ec/ubuntu-releases/, http://mirror.cedia.org.ec/ubuntu-releases/, ftp://mirror.cedia.org.ec/ubuntu-releases/, rsync://mirror.cedia.org.ec/ubuntu-releases/",mirror.cedia.org.ec,100 Mbps,N/A
Ecuador,200 Mbps,Universidad Estatal de Bolivar,http://mirror.ueb.edu.ec/ubuntu-releases/,mirror.ueb.edu.ec,100 Mbps,N/A
Estonia,10 Gbps,xTom,"https://mirrors.xtom.ee/ubuntu-releases/, http://mirrors.xtom.ee/ubuntu-releases/, rsync://mirrors.xtom.ee/ubuntu-releases/",mirrors.xtom.ee,10 Gbps,N/A
Finland,31 Gbps,CSC / Funet,"https://www.nic.funet.fi/pub/mirrors/releases.ubuntu.com/, http://www.nic.funet.fi/pub/mirrors/releases.ubuntu.com/, ftp://ftp.funet.fi/pub/mirrors/releases.ubuntu.com/, rsync://rsync.nic.funet.fi/ftp/pub/mirrors/releases.ubuntu.com/","rsync.nic.funet.fi, www.nic.funet.fi, ftp.funet.fi",20 Gbps,N/A
Finland,31 Gbps,Mirror.5i.fi-release,"https://mirror.5i.fi/ubuntu-releases/, http://mirror.5i.fi/ubuntu-releases/, rsync://mirror.5i.fi/ubuntu-releases/",mirror.5i.fi,10 Gbps,N/A
Finland,31 Gbps,Ubuntu-TW / OSSPlanet,"https://mirror.fi.ossplanet.net/ubuntu-releases/, http://mirror.fi.ossplanet.net/ubuntu-releases/, rsync://mirror.fi.ossplanet.net/ubuntu-releases/",mirror.fi.ossplanet.net,1 Gbps,N/A
France,24 Gbps,Baker Telekom,"https://mirror.bakertelekom.fr/Ubuntu/, http://mirror.bakertelekom.fr/Ubuntu/",mirror.bakertelekom.fr,10 Gbps,N/A
France,24 Gbps,OVHcloud,"https://ubuntu.mirrors.ovh.net/ubuntu-releases/, http://ubuntu.mirrors.ovh.net/ubuntu-releases/",ubuntu.mirrors.ovh.net,4 Gbps,N/A
France,24 Gbps,Romain Neil,"https://mirror.tutosfaciles48.fr/ubuntu/, rsync://mirror.tutosfaciles48.fr/ubuntu/",mirror.tutosfaciles48.fr,2 Gbps,N/A
France,24 Gbps,Ftp.crifo.org-release,"https://ftp.crifo.org/ubuntu-cd/, http://ftp.crifo.org/ubuntu-cd/, rsync://ftp.crifo.org/ubuntu-cd/",ftp.crifo.org,1 Gbps,N/A
France,24 Gbps,CRIHAN,"http://ftp.crihan.fr/releases/, ftp://ftp.crihan.fr/releases/, rsync://ftp.crihan.fr/releases/",ftp.crihan.fr,1 Gbps,N/A
France,24 Gbps,HelpfulHosting,"http://helpfulhosting.net/ubuntu/, rsync://helpfulhosting.net/releases/",helpfulhosting.net,1 Gbps,N/A
France,24 Gbps,Johnnybegood-mirror,"https://mirror.johnnybegood.fr/ubuntu-cd/, http://mirror.johnnybegood.fr/ubuntu-cd/, rsync://mirror.johnnybegood.fr/ubuntu-cd/",mirror.johnnybegood.fr,1 Gbps,N/A
France,24 Gbps,Ircam,"https://mirrors.ircam.fr/pub/ubuntu/releases/, http://mirrors.ircam.fr/pub/ubuntu/releases/, ftp://mirrors.ircam.fr/pub/ubuntu/releases/, rsync://mirrors.ircam.fr/pub/ubuntu/releases/",mirrors.ircam.fr,1 Gbps,N/A
France,24 Gbps,Syxpi's Ubuntu Mirror,"https://ubuntu.syxpi.fr/ubuntu-releases/, http://ubuntu.syxpi.fr/ubuntu-releases/, rsync://ubuntu.syxpi.fr/ubuntu-releases/",ubuntu.syxpi.fr,1 Gbps,N/A
France,24 Gbps,Université de Nantes,"https://ubuntu.univ-nantes.fr/ubuntu-cd/, http://ubuntu.univ-nantes.fr/ubuntu-cd/, ftp://ubuntu.univ-nantes.fr/ubuntu-cd/, rsync://ubuntu.univ-nantes.fr/ubuntu-cd/",ubuntu.univ-nantes.fr,1 Gbps,N/A
France,24 Gbps,LIP6/Sorbonne Université,"https://www-ftp.lip6.fr/pub/linux/distributions/Ubuntu/releases/, http://www-ftp.lip6.fr/pub/linux/distributions/Ubuntu/releases/, ftp://ftp.lip6.fr/pub/linux/distributions/Ubuntu/releases/, rsync://ftp.lip6.fr/Ubuntu/releases/","ftp.lip6.fr, www-ftp.lip6.fr",1 Gbps,N/A
France,24 Gbps,CNRS/IPSL,"http://distrib-coffee.ipsl.jussieu.fr/pub/linux/ubuntu-releases/, ftp://distrib-coffee.ipsl.jussieu.fr/pub/linux/ubuntu-releases/, rsync://distrib-coffee.ipsl.jussieu.fr/pub/linux/ubuntu-releases/",distrib-coffee.ipsl.jussieu.fr,45 Mbps,N/A
Georgia,100 Mbps,GRENA,"https://ubuntu.grena.ge/releases/, http://ubuntu.grena.ge/releases/, ftp://ubuntu.grena.ge/releases/",ubuntu.grena.ge,100 Mbps,N/A
Germany,126 Gbps,RWTH Aachen University,"https://ftp.halifax.rwth-aachen.de/ubuntu-releases/, http://ftp.halifax.rwth-aachen.de/ubuntu-releases/, ftp://ftp.halifax.rwth-aachen.de/ubuntu-releases/, rsync://ftp.halifax.rwth-aachen.de/ubuntu-releases/",ftp.halifax.rwth-aachen.de,20 Gbps,N/A
Germany,126 Gbps,dogado GmbH,"https://mirror.dogado.de/ubuntu-releases/, http://mirror.dogado.de/ubuntu-releases/, rsync://mirror.dogado.de/ubuntu-releases/",mirror.dogado.de,20 Gbps,N/A
Germany,126 Gbps,StudNet Bonn,"http://ftp.stw-bonn.de/ubuntu-cd/, ftp://ftp.stw-bonn.de/ubuntu-cd/, rsync://ftp.stw-bonn.de/ubuntu-cd/",ftp.stw-bonn.de,10 Gbps,N/A
Germany,126 Gbps,LeaseWeb Germany GmbH,"https://mirror.de.leaseweb.net/ubuntu-releases/, http://mirror.de.leaseweb.net/ubuntu-releases/, ftp://mirror.de.leaseweb.net/ubuntu-releases/, rsync://mirror.de.leaseweb.net/ubuntu-releases/",mirror.de.leaseweb.net,10 Gbps,N/A
Germany,126 Gbps,level66.network UG (haftungsbeschränkt),"https://mirror.level66.network/ubuntu-releases/, http://mirror.level66.network/ubuntu-releases/, rsync://mirror.level66.network/ubuntu-releases/",mirror.level66.network,10 Gbps,N/A
Germany,126 Gbps,wilhelm.tel GmbH,"https://mirror.wtnet.de/ubuntu-releases/, http://mirror.wtnet.de/ubuntu-releases/",mirror.wtnet.de,10 Gbps,N/A
Germany,126 Gbps,xTom,"https://mirrors.xtom.de/ubuntu-releases/, http://mirrors.xtom.de/ubuntu-releases/, rsync://mirrors.xtom.de/ubuntu-releases/",mirrors.xtom.de,10 Gbps,N/A
Germany,126 Gbps,Technische Universität Dresden,"http://ubuntu.mirror.tudos.de/ubuntu-releases/, rsync://ubuntu.mirror.tudos.de/ubuntu-releases/",ubuntu.mirror.tudos.de,10 Gbps,N/A
Germany,126 Gbps,Universität Erlangen-Nürnberg,"https://ftp.fau.de/ubuntu-releases/, http://ftp.fau.de/ubuntu-releases/, ftp://ftp.fau.de/ubuntu-releases/",ftp.fau.de,4 Gbps,N/A
Germany,126 Gbps,Physikalisches Institut Uni Heidelberg,"https://drmirror.physi.uni-heidelberg.de/ubuntu-releases/, http://drmirror.physi.uni-heidelberg.de/ubuntu-releases/",drmirror.physi.uni-heidelberg.de,2 Gbps,N/A
Germany,126 Gbps,University of Kaiserslautern,"http://ftp.uni-kl.de/pub/linux/ubuntu.iso/, ftp://ftp.uni-kl.de/pub/linux/ubuntu.iso/, rsync://ftp.uni-kl.de/pub/linux/ubuntu.iso/",ftp.uni-kl.de,2 Gbps,N/A
Germany,126 Gbps,Netzwerge GmbH,"https://mirror.netzwerge.de/ubuntu-releases/, http://mirror.netzwerge.de/ubuntu-releases/, rsync://mirror.netzwerge.de/ubuntu-releases/",mirror.netzwerge.de,2 Gbps,N/A
Germany,126 Gbps,serverloft - SERVER4YOU,"http://mirror.serverloft.eu/ubuntu/releases/, rsync://mirror.serverloft.eu/ubuntu-linux/releases/",mirror.serverloft.eu,2 Gbps,N/A
Germany,126 Gbps,FAigner,"https://mirror.faigner.de/ubuntu/, http://mirror.faigner.de/ubuntu/, rsync://mirror.faigner.de/cdubuntu/",mirror.faigner.de,1 Gbps,N/A
Germany,126 Gbps,Freie Universität Berlin,ftp://ftp.fu-berlin.de/linux/ubuntu/releases/,ftp.fu-berlin.de,1 Gbps,N/A
Germany,126 Gbps,Universitaet Bayreuth,"http://ftp.uni-bayreuth.de/linux/ubuntu/releases/, ftp://ftp.uni-bayreuth.de/pub/linux/ubuntu/releases/, rsync://rsync.uni-bayreuth.de/ubuntu-releases/","rsync.uni-bayreuth.de, ftp.uni-bayreuth.de",1 Gbps,N/A
Germany,126 Gbps,GWDG,"https://ftp5.gwdg.de/pub/linux/debian/ubuntu/iso/, http://ftp5.gwdg.de/pub/linux/debian/ubuntu/iso/, ftp://ftp5.gwdg.de/pub/linux/debian/ubuntu/iso/, rsync://ftp5.gwdg.de/pub/linux/debian/ubuntu/iso/",ftp5.gwdg.de,1 Gbps,N/A
Germany,126 Gbps,23M GmbH,"https://mirror.23m.com/ubuntu-releases/, http://mirror.23m.com/ubuntu-releases/, rsync://mirror.23m.com/ubuntu-releases/",mirror.23m.com,1 Gbps,N/A
Germany,126 Gbps,Daniel Jost - Freelance Web Professional,"http://mirror.daniel-jost.net/ubuntu-releases/, ftp://mirror.daniel-jost.net/ubuntu-releases/, rsync://mirror.daniel-jost.net/ubuntu-releases/",mirror.daniel-jost.net,1 Gbps,N/A
Germany,126 Gbps,Kamatera Inc.,http://mirror.eu-fr.kamatera.com/ubuntu-releases/,mirror.eu-fr.kamatera.com,1 Gbps,N/A
Germany,126 Gbps,IMT-Systems GmbH,"https://mirror.imt-systems.com/ubuntu/, http://mirror.imt-systems.com/ubuntu/, rsync://mirror.imt-systems.com/ubuntu/",mirror.imt-systems.com,1 Gbps,N/A
Germany,126 Gbps,KAMP Netzwerkdienste GmbH,"https://mirror.kamp.de/ubuntu-releases/, http://mirror.kamp.de/ubuntu-releases/",mirror.kamp.de,1 Gbps,N/A
Germany,126 Gbps,KKG Berlin,"https://mirror.kkg.berlin/ubuntu-releases/, http://mirror.kkg.berlin/ubuntu-releases/, rsync://mirror.kkg.berlin/ubuntu-releases/",mirror.kkg.berlin,1 Gbps,N/A
Germany,126 Gbps,ScaleUp Technologies GmbH & Co. KG,"https://mirror.scaleuptech.com/ubuntu-releases/, http://mirror.scaleuptech.com/ubuntu-releases/, ftp://mirror.scaleuptech.com/ubuntu-releases/, rsync://mirror.scaleuptech.com/ubuntureleases/",mirror.scaleuptech.com,1 Gbps,N/A
Germany,126 Gbps,mirror2.tuxinator.org-cdimage,"https://mirror2.tuxinator.org/ubuntu-releases/, http://mirror2.tuxinator.org/ubuntu-releases/, ftp://mirror2.tuxinator.org/ubuntu-releases/",mirror2.tuxinator.org,1 Gbps,N/A
Germany,126 Gbps,Sahil Dhiman,https://mirrors.de.sahilister.net/ubuntu-releases/,mirrors.de.sahilister.net,1 Gbps,N/A
Germany,126 Gbps,Releases.ubuntu.repulsive.eu,"https://releases.ubuntu.repulsive.eu/, http://releases.ubuntu.repulsive.eu/, rsync://releases.ubuntu.repulsive.eu/releases/",releases.ubuntu.repulsive.eu,1 Gbps,N/A
Germany,126 Gbps,Host Europe,"http://ftp.hosteurope.de/mirror/releases.ubuntu.com/, ftp://ftp.hosteurope.de/mirror/releases.ubuntu.com/",ftp.hosteurope.de,100 Mbps,N/A
Germany,126 Gbps,Funkfreunde Landshut e.V.,"https://mirror.funkfreundelandshut.de/ubuntu-releases/, http://mirror.funkfreundelandshut.de/ubuntu-releases/, rsync://mirror.funkfreundelandshut.de/mirror/ubuntu-releases/",mirror.funkfreundelandshut.de,45 Mbps,N/A
Germany,126 Gbps,Technische Universität Chemnitz,"https://ftp.tu-chemnitz.de/pub/linux/ubuntu-releases/, http://ftp.tu-chemnitz.de/pub/linux/ubuntu-releases/",ftp.tu-chemnitz.de,10 Mbps,N/A
Greece,2 Gbps,Aristotle University of Thessaloniki,"https://fosszone.csd.auth.gr/ubuntu-releases/, http://fosszone.csd.auth.gr/ubuntu-releases/",fosszone.csd.auth.gr,1 Gbps,N/A
Greece,2 Gbps,OTENET,ftp://ftp.otenet.gr/pub/linux/ubuntu-releases/,ftp.otenet.gr,1 Gbps,N/A
Greenland,45 Mbps,Tele Greenland A/S,"http://mirror.greennet.gl/releases/, rsync://mirror.greennet.gl/releases/",mirror.greennet.gl,45 Mbps,N/A
Hong Kong,13 Gbps,xTom,"https://mirror.xtom.com.hk/ubuntu-releases/, http://mirror.xtom.com.hk/ubuntu-releases/, rsync://mirror.xtom.com.hk/repo/ubuntu-releases/",mirror.xtom.com.hk,10 Gbps,N/A
Hong Kong,13 Gbps,Gigabit Hosting Sdn Bhd,http://hk.mirrors.thegigabit.com/ubuntu-releases/,hk.mirrors.thegigabit.com,1 Gbps,N/A
Hong Kong,13 Gbps,KoDDoS,"https://mirror-hk.koddos.net/ubuntu-releases/, http://mirror-hk.koddos.net/ubuntu-releases/, rsync://mirror-hk.koddos.net/ubuntu-releases/",mirror-hk.koddos.net,1 Gbps,N/A
Hong Kong,13 Gbps,01Link Network Services Limited,"https://mirror.01link.hk/ubuntu-releases/, http://mirror.01link.hk/ubuntu-releases/",mirror.01link.hk,1 Gbps,N/A
Hong Kong,13 Gbps,Kamatera Inc.,http://mirror.as.kamatera.com/ubuntu-releases/,mirror.as.kamatera.com,100 Mbps,N/A
Hungary,11 Gbps,"Governmental Agency for IT Development, Hungary","https://mirror.niif.hu/ubuntu-releases/, http://mirror.niif.hu/ubuntu-releases/",mirror.niif.hu,10 Gbps,N/A
Hungary,11 Gbps,Quantum Mirror,"https://quantum-mirror.hu/mirrors/pub/ubuntu-releases/, http://quantum-mirror.hu/mirrors/pub/ubuntu-releases/, rsync://quantum-mirror.hu/ubuntu-releases/",quantum-mirror.hu,1 Gbps,N/A
Iceland,11 Gbps,Advania,"https://ubuntu.hysing.is/ubuntu-releases/, http://ubuntu.hysing.is/ubuntu-releases/",ubuntu.hysing.is,10 Gbps,N/A
Iceland,11 Gbps,Opin Kerfi,"https://mirrors.opensource.is/ubuntu-releases/, http://mirrors.opensource.is/ubuntu-releases/",mirrors.opensource.is,1 Gbps,N/A
India,10 Gbps,Shrirang Kahale,"https://mirror.del2.albony.in/ubuntu-releases/, http://mirror.del2.albony.in/ubuntu-releases/, rsync://mirror.del2.albony.in/ubuntu-releases/",mirror.del2.albony.in,10 Gbps,N/A
India,10 Gbps,Abhijith PA,"https://mirrors.abhijithpa.in/ubuntu-releases/, rsync://mirrors.abhijithpa.in/ubuntu-releases/",mirrors.abhijithpa.in,100 Mbps,N/A
India,10 Gbps,Utkarsh Gupta,https://mirrors.utkarsh2102.org/ubuntu-releases/,mirrors.utkarsh2102.org,100 Mbps,N/A
Indonesia,34 Gbps,DomaiNesia,"https://linux.domainesia.com/ubuntu/iso-release/, http://linux.domainesia.com/ubuntu/iso-release/, rsync://linux.domainesia.com/ubuntu/iso-release/",linux.domainesia.com,10 Gbps,N/A
Indonesia,34 Gbps,Nevacloud,"https://mirror.nevacloud.com/ubuntu/iso-release/, http://mirror.nevacloud.com/ubuntu/iso-release/, rsync://mirror.nevacloud.com/ubuntu/iso-release/",mirror.nevacloud.com,10 Gbps,N/A
Indonesia,34 Gbps,heru.id,"https://mr.heru.id/ubuntu-release/, http://mr.heru.id/ubuntu-release/",mr.heru.id,10 Gbps,N/A
Indonesia,34 Gbps,Datautama-Net-ID,"http://kartolo.sby.datautama.net.id/ubuntu-cd/, rsync://kartolo.sby.datautama.net.id/ubuntu-cd/",kartolo.sby.datautama.net.id,1 Gbps,N/A
Indonesia,34 Gbps,Citrahost by Citranet,"https://mirror.citrahost.com/ubuntu-releases/, http://mirror.citrahost.com/ubuntu-releases/",mirror.citrahost.com,1 Gbps,N/A
Indonesia,34 Gbps,Universitas Airlangga,"https://mirror.unair.ac.id/ubuntu-cd/, http://mirror.unair.ac.id/ubuntu-cd/",mirror.unair.ac.id,1 Gbps,N/A
Indonesia,34 Gbps,Universitas Syiah Kuala,"https://repo.usk.ac.id/iso/ubuntu/, http://repo.usk.ac.id/iso/ubuntu/",repo.usk.ac.id,1 Gbps,N/A
"Iran, Islamic Republic of",500 Gbps,Zagrio WebHosting,"https://releases.ubuntu.mirrors.zagrio.net/, http://releases.ubuntu.mirrors.zagrio.net/, ftp://mirrors.zagrio.net/ubuntu/releases/, rsync://mirrors.zagrio.net/ubuntu-releases/","releases.ubuntu.mirrors.zagrio.net, mirrors.zagrio.net",100 Gbps,N/A
"Iran, Islamic Republic of",500 Gbps,HostBaran,"https://ir.releases.ubuntu.com/, http://ir.releases.ubuntu.com/",ir.releases.ubuntu.com,100 Gbps,N/A
"Iran, Islamic Republic of",500 Gbps,Mobinhost,"https://ubuntu.mobinhost.com/releases/, http://ubuntu.mobinhost.com/releases/, ftp://ubuntu.mobinhost.com/ubuntu-releases/, rsync://ubuntu.mobinhost.com/releases/",ubuntu.mobinhost.com,100 Gbps,N/A
"Iran, Islamic Republic of",500 Gbps,Pishgaman Tose Ertebatat,"https://ubuntu.pishgaman.net/releases/, http://ubuntu.pishgaman.net/releases/, rsync://ubuntu.pishgaman.net/releases/",ubuntu.pishgaman.net,100 Gbps,N/A
"Iran, Islamic Republic of",500 Gbps,Sefroyek Pardaz Engineering Co.,"https://mirror.0-1.cloud/ubuntu-releases/, http://mirror.0-1.cloud/ubuntu-releases/",mirror.0-1.cloud,20 Gbps,N/A
"Iran, Islamic Republic of",500 Gbps,Pardis Co.,"https://mirrors.pardisco.co/ubuntu-cd/, http://mirrors.pardisco.co/ubuntu-cd/",mirrors.pardisco.co,20 Gbps,N/A
"Iran, Islamic Republic of",500 Gbps,Sindad LLC,"https://ir.ubuntu.sindad.cloud/releases/, http://ir.ubuntu.sindad.cloud/releases/, ftp://ir.ubuntu.sindad.cloud/releases/, rsync://ir.ubuntu.sindad.cloud/releases/",ir.ubuntu.sindad.cloud,10 Gbps,N/A
"Iran, Islamic Republic of",500 Gbps,ParsDev,"https://mirror.parsdev.com/ubuntu-releases/, http://mirror.parsdev.com/ubuntu-releases/",mirror.parsdev.com,10 Gbps,N/A
"Iran, Islamic Republic of",500 Gbps,Petiak,"https://releases.ubuntu.petiak.ir/, http://releases.ubuntu.petiak.ir/, ftp://releases.ubuntu.petiak.ir/, rsync://releases.ubuntu.petiak.ir/releases/",releases.ubuntu.petiak.ir,10 Gbps,N/A
"Iran, Islamic Republic of",500 Gbps,Amin IDC,"http://mirror.aminidc.com/ubuntu-releases/, ftp://mirror.aminidc.com/ubuntu-releases/, rsync://mirror.aminidc.com/ubuntu-releases/",mirror.aminidc.com,10 Gbps,N/A
"Iran, Islamic Republic of",500 Gbps,Bonyan Co.,"https://ubuntu.bonyan.co/, http://ubuntu.bonyan.co/",ubuntu.bonyan.co,10 Gbps,N/A
"Iran, Islamic Republic of",500 Gbps,Parsvds.com,"https://ubuntu.parsvds.com/ubuntu-releases/, http://ubuntu.parsvds.com/ubuntu-releases/",ubuntu.parsvds.com,10 Gbps,N/A
Israel,15 Gbps,INTERHOST,http://ubuntu.interhost.co.il/,ubuntu.interhost.co.il,10 Gbps,N/A
Israel,15 Gbps,Kamatera Inc.,http://mirror.il-ha.kamatera.com/ubuntu-releases/,mirror.il-ha.kamatera.com,1 Gbps,N/A
Israel,15 Gbps,Kamatera Inc.,http://mirror.il-pt.kamatera.com/ubuntu-releases/,mirror.il-pt.kamatera.com,1 Gbps,N/A
Israel,15 Gbps,Kamatera Inc.,http://mirror.il-rh.kamatera.com/ubuntu-releases/,mirror.il-rh.kamatera.com,1 Gbps,N/A
Israel,15 Gbps,Kamatera Inc.,http://mirror.il-ta.kamatera.com/ubuntu-releases/,mirror.il-ta.kamatera.com,1 Gbps,N/A
Israel,15 Gbps,Kamatera Inc.,http://mirror.il.kamatera.com/ubuntu-releases/,mirror.il.kamatera.com,1 Gbps,N/A
Israel,15 Gbps,Israel Internet Association,"https://mirror.isoc.org.il/pub/ubuntu-releases/, http://mirror.isoc.org.il/pub/ubuntu-releases/, ftp://mirror.isoc.org.il/ubuntu-releases/",mirror.isoc.org.il,100 Mbps,N/A
Italy,130 Gbps,Consortium GARR,"https://ubuntu.mirror.garr.it/releases/, http://ubuntu.mirror.garr.it/releases/",ubuntu.mirror.garr.it,100 Gbps,N/A
Italy,130 Gbps,VHosting Solution (IT1 - Milan),"https://it1.mirror.vhosting-it.com/ubuntu-releases/, http://it1.mirror.vhosting-it.com/ubuntu-releases/, rsync://it1.mirror.vhosting-it.com/ubuntu-releases/",it1.mirror.vhosting-it.com,10 Gbps,N/A
Italy,130 Gbps,VHosting Solution (IT2 - Turin),"https://it2.mirror.vhosting-it.com/ubuntu-releases/, http://it2.mirror.vhosting-it.com/ubuntu-releases/, rsync://it2.mirror.vhosting-it.com/ubuntu-releases/",it2.mirror.vhosting-it.com,10 Gbps,N/A
Italy,130 Gbps,Connesi s.p.a.,http://ubuntu.connesi.it/,ubuntu.connesi.it,10 Gbps,N/A
Japan,185 Gbps,ICSCoE,"https://ftp.udx.icscoe.jp/Linux/ubuntu-releases/, http://ftp.udx.icscoe.jp/Linux/ubuntu-releases/, rsync://ftp.udx.icscoe.jp/ubuntu-releases/",ftp.udx.icscoe.jp,100 Gbps,N/A
Japan,185 Gbps,hashy10G,"https://mirror.hashy0917.net/ubuntu-releases/, http://mirror.hashy0917.net/ubuntu-releases/",mirror.hashy0917.net,20 Gbps,N/A
Japan,185 Gbps,G4T1PR0,http://archive.g4t1.pro/ubuntu-releases/,archive.g4t1.pro,10 Gbps,N/A
Japan,185 Gbps,RIKEN,"https://ftp.riken.jp/Linux/ubuntu-releases/, http://ftp.riken.jp/Linux/ubuntu-releases/, ftp://ftp.riken.jp/Linux/ubuntu-releases/, rsync://ftp.riken.jp/ubuntu-releases/",ftp.riken.jp,10 Gbps,N/A
Japan,185 Gbps,Tsukuba WIDE,"https://ftp.tsukuba.wide.ad.jp/Linux/ubuntu-releases/, http://ftp.tsukuba.wide.ad.jp/Linux/ubuntu-releases/, rsync://ftp.tsukuba.wide.ad.jp/ubuntu-releases/",ftp.tsukuba.wide.ad.jp,10 Gbps,N/A
Japan,185 Gbps,Yamagata University,"https://ftp.yz.yamagata-u.ac.jp/pub/linux/ubuntu/releases/, http://ftp.yz.yamagata-u.ac.jp/pub/linux/ubuntu/releases/, rsync://ftp.yz.yamagata-u.ac.jp/pub/linux/ubuntu/releases/",ftp.yz.yamagata-u.ac.jp,10 Gbps,N/A
Japan,185 Gbps,Tefexia LC,"https://mirror.tefexia.net/ubuntu-releases/, http://mirror.tefexia.net/ubuntu-releases/",mirror.tefexia.net,10 Gbps,N/A
Japan,185 Gbps,KuronekoServer,"https://mirrors.krnk.org/ubuntu-releases/, http://mirrors.krnk.org/ubuntu-releases/",mirrors.krnk.org,10 Gbps,N/A
Japan,185 Gbps,JAIST,"http://ftp.jaist.ac.jp/pub/Linux/ubuntu-releases/, ftp://ftp.jaist.ac.jp/pub/Linux/ubuntu-releases/, rsync://ftp.jaist.ac.jp/pub/Linux/ubuntu-releases/",ftp.jaist.ac.jp,4 Gbps,N/A
Japan,185 Gbps,UNIVERSITY OF TOYAMA with Ubuntu Japanese LoCo,http://ubuntutym2.u-toyama.ac.jp/ubuntu/,ubuntutym2.u-toyama.ac.jp,1 Gbps,N/A
Japan,185 Gbps,TI Mirrors Japan - Ubuntu CD Images,"https://jp.mirror.coganng.com/ubuntu-cdimage/, http://jp.mirror.coganng.com/ubuntu-cdimage/, ftp://jp.mirror.coganng.com/ubuntu-cdimage/, rsync://jp.mirror.coganng.com/ubuntu-cdimage/",jp.mirror.coganng.com,100 Mbps,N/A
Kazakhstan,3 Gbps,Fst.kz,"https://mirror.fst.kz/ubuntu-cd/, rsync://mirror.fst.kz/ubuntu-cd/",mirror.fst.kz,1 Gbps,N/A
Kazakhstan,3 Gbps,LLP Kompaniya Hoster.KZ,"https://mirror.hoster.kz/ubuntu-releases/, http://mirror.hoster.kz/ubuntu-releases/, ftp://mirror.hoster.kz/ubuntu-releases/, rsync://mirror.hoster.kz/ubuntu-releases/",mirror.hoster.kz,1 Gbps,N/A
Kazakhstan,3 Gbps,PS Internet Company LLC,"https://mirror.ps.kz/ubuntu-releases/, http://mirror.ps.kz/ubuntu-releases/, ftp://mirror.ps.kz/ubuntu-releases/, rsync://mirror.ps.kz/ubuntu-releases/",mirror.ps.kz,1 Gbps,N/A
Kenya,100 Mbps,KENET,"https://ubuntu.mirror.ac.ke/ubuntu-release/, http://ubuntu.mirror.ac.ke/ubuntu-release/, rsync://ubuntu.mirror.ac.ke/ubuntu-release/",ubuntu.mirror.ac.ke,100 Mbps,N/A
"Korea, Republic of",35 Gbps,KAIST FTP,"https://ftp.kaist.ac.kr/ubuntu-cd/, http://ftp.kaist.ac.kr/ubuntu-cd/, ftp://ftp.kaist.ac.kr/ubuntu-cd/, rsync://ftp.kaist.ac.kr/ubuntu-cd/",ftp.kaist.ac.kr,10 Gbps,N/A
"Korea, Republic of",35 Gbps,Tefexia LC,"https://kr.mirror.tefexia.net/ubuntu-releases/, http://kr.mirror.tefexia.net/ubuntu-releases/",kr.mirror.tefexia.net,10 Gbps,N/A
"Korea, Republic of",35 Gbps,Keiverse (Releases),"https://mirror.keiminem.com/ubuntu-releases/, http://mirror.keiminem.com/ubuntu-releases/, rsync://mirror.keiminem.com/ubuntu-releases/",mirror.keiminem.com,2 Gbps,N/A
"Korea, Republic of",35 Gbps,Kakao Corp.,"https://mirror.kakao.com/ubuntu-releases/, http://mirror.kakao.com/ubuntu-releases/",mirror.kakao.com,2 Gbps,N/A
"Korea, Republic of",35 Gbps,zzuniMirror,"https://mirror.zzunipark.com/ubuntu-releases/, http://mirror.zzunipark.com/ubuntu-releases/, rsync://mirror.zzunipark.com/ubuntu-releases/",mirror.zzunipark.com,2 Gbps,N/A
"Korea, Republic of",35 Gbps,Daon Mirror,"https://mirror.koreapixel.kr/ubuntu-releases/, http://mirror.koreapixel.kr/ubuntu-releases/, rsync://mirror.koreapixel.kr/ubuntu-releases/",mirror.koreapixel.kr,1 Gbps,N/A
"Korea, Republic of",35 Gbps,Daum Communications Corp.,"http://ftp.daum.net/ubuntu-releases/, ftp://ftp.daum.net/ubuntu-releases/",ftp.daum.net,1 Gbps,N/A
"Korea, Republic of",35 Gbps,KAIST,"http://kr.archive.ubuntu.com/ubuntu-cd/, ftp://kr.archive.ubuntu.com/ubuntu-cd/, rsync://kr.archive.ubuntu.com/ubuntu-cd/",kr.archive.ubuntu.com,1 Gbps,N/A
"Korea, Republic of",35 Gbps,LANET,"https://ftp.lanet.kr/ubuntu-releases/, http://ftp.lanet.kr/ubuntu-releases/, ftp://ftp.lanet.kr/ubuntu-releases/, rsync://ftp.lanet.kr/ubuntu-releases/",ftp.lanet.kr,1 Gbps,N/A
"Korea, Republic of",35 Gbps,Mahiro Network,"https://mirror.mahiro.kr/ubuntu-releases/, http://mirror.mahiro.kr/ubuntu-releases/",mirror.mahiro.kr,1 Gbps,N/A
"Korea, Republic of",35 Gbps,Jeonnam High School,"https://mirror.jeonnam.school/ubuntu-cd/, http://mirror.jeonnam.school/ubuntu-cd/",mirror.jeonnam.school,1 Gbps,N/A
"Korea, Republic of",35 Gbps,Archive of Siwoo-CD,"https://mirror.siwoo.org/ubuntu-cd/, http://mirror.siwoo.org/ubuntu-cd/, rsync://mirror.siwoo.org/ubuntu-cd/",mirror.siwoo.org,1 Gbps,N/A
"Korea, Republic of",35 Gbps,Two Hearts Network,"https://mirror.twohe.art/ubuntu-releases/, http://mirror.twohe.art/ubuntu-releases/",mirror.twohe.art,1 Gbps,N/A
"Korea, Republic of",35 Gbps,Morgan,"https://repo.morgan.kr/ubuntu-cd/, http://repo.morgan.kr/ubuntu-cd/",repo.morgan.kr,1 Gbps,N/A
Latvia,2 Gbps,University of Latvia,"http://ubuntu-rel.linux.edu.lv/, ftp://ubuntu-rel.linux.edu.lv/",ubuntu-rel.linux.edu.lv,1 Gbps,N/A
Latvia,2 Gbps,koyanet.lv,"https://ubuntu.koyanet.lv/releases/, http://ubuntu.koyanet.lv/releases/",ubuntu.koyanet.lv,1 Gbps,N/A
Lithuania,11 Gbps,"Informacinės sistemos ir technologijos, UAB logotipas Informacinės sistemos ir technologijos, UAB","https://mirror.bacloud.com/ubuntu-mirror/releases/, http://mirror.bacloud.com/ubuntu-mirror/releases/, rsync://mirror.bacloud.com/ubuntu-mirror/releases/",mirror.bacloud.com,10 Gbps,N/A
Lithuania,11 Gbps,Vilnius University,"http://ubuntu.mirror.vu.lt/releases/, ftp://ubuntu.mirror.vu.lt/releases/, rsync://ubuntu.mirror.vu.lt/releases/",ubuntu.mirror.vu.lt,1 Gbps,N/A
Luxembourg,1 Gbps,root S.A.,"http://ubuntu.mirror.root.lu/ubuntu-releases/, ftp://mirror.root.lu/ubuntu/ubuntu-releases/, rsync://mirror.root.lu/Ubuntu/ubuntu-releases/","mirror.root.lu, ubuntu.mirror.root.lu",1 Gbps,N/A
"Macedonia, Republic of",11 Gbps,one.Vip,"http://mirror.onevip.mk/ubuntureleases/, rsync://mirror.onevip.mk/ubuntureleases/",mirror.onevip.mk,10 Gbps,N/A
"Macedonia, Republic of",11 Gbps,Macedonian Telecom,"https://mirror.t-home.mk/ubuntu-releases/, http://mirror.t-home.mk/ubuntu-releases/",mirror.t-home.mk,1 Gbps,N/A
Malaysia,3 Gbps,GB Network Solutions,"https://mirrors.gbnetwork.com/ubuntu-releases/, http://mirrors.gbnetwork.com/ubuntu-releases/, rsync://mirrors.gbnetwork.com/ubuntu-releases/",mirrors.gbnetwork.com,1 Gbps,N/A
Malaysia,3 Gbps,IP Serverone Solutions Sdn Bhd,"https://mirrors.ipserverone.com/ubuntu-releases/, http://mirrors.ipserverone.com/ubuntu-releases/, rsync://mirrors.ipserverone.com/ubuntu-releases/",mirrors.ipserverone.com,1 Gbps,N/A
Malaysia,3 Gbps,Gigabit Hosting Sdn Bhd,"https://ubuntureleases.mirror.thegigabit.com/, http://ubuntureleases.mirror.thegigabit.com/, rsync://ubuntureleases.mirror.thegigabit.com/ubuntu/",ubuntureleases.mirror.thegigabit.com,1 Gbps,N/A
Malaysia,3 Gbps,Tuxuri,"https://ubuntu.tuxuri.com/releases/, http://ubuntu.tuxuri.com/releases/",ubuntu.tuxuri.com,100 Mbps,N/A
Malaysia,3 Gbps,Putrajaya Open Innovation Terminal,"https://point.putrajaya.my/ubuntu/release/, http://point.putrajaya.my/ubuntu/release/",point.putrajaya.my,45 Mbps,N/A
"Moldova, Republic of",11 Gbps,Trabia-Network,"http://mirror.as43289.net/ubuntu-releases/, ftp://mirror.as43289.net/ubuntu-releases/, rsync://mirror.as43289.net/ubuntu-releases/",mirror.as43289.net,10 Gbps,N/A
"Moldova, Republic of",11 Gbps,MangoHost,"https://mirror.mangohost.net/ubuntu-releases/, http://mirror.mangohost.net/ubuntu-releases/, rsync://mirror.mangohost.net/ubuntu-releases/",mirror.mangohost.net,1 Gbps,N/A
Mongolia,1 Gbps,Mongolian National Data Center,http://mirror.datacenter.mn/ubuntu-releases/,mirror.datacenter.mn,1 Gbps,N/A
Morocco,10 Gbps,MARWAN,"https://mirror.marwan.ma/ubuntu-releases/, http://mirror.marwan.ma/ubuntu-releases/, rsync://mirror.marwan.ma/ubuntu-releases/",mirror.marwan.ma,10 Gbps,N/A
Nepal,1 Gbps,Nepali Cloud,"https://mirrors.nepalicloud.com/ubuntu-releases/, http://mirrors.nepalicloud.com/ubuntu-releases/",mirrors.nepalicloud.com,1 Gbps,N/A
Netherlands,290 Gbps,Macarne,"https://mirror.ams.macarne.com/ubuntu-releases/, http://mirror.ams.macarne.com/ubuntu-releases/",mirror.ams.macarne.com,100 Gbps,N/A
Netherlands,290 Gbps,datapacket.com,"https://mirror.nl.datapacket.com/ubuntu-releases/, http://mirror.nl.datapacket.com/ubuntu-releases/",mirror.nl.datapacket.com,20 Gbps,N/A
Netherlands,290 Gbps,MIRhosting B.V.,"https://mirror.nl.mirhosting.net/ubuntu-releases/, http://mirror.nl.mirhosting.net/ubuntu-releases/, ftp://mirror.nl.mirhosting.net/ubuntu-releases/, rsync://mirror.nl.mirhosting.net/ubuntu-releases/",mirror.nl.mirhosting.net,20 Gbps,N/A
Netherlands,290 Gbps,Serverion,"https://mirror.serverion.com/ubuntu-releases/, http://mirror.serverion.com/ubuntu-releases/, ftp://mirror.serverion.com/ubuntu-releases/, rsync://mirror.serverion.com/ubuntu-releases/",mirror.serverion.com,20 Gbps,N/A
Netherlands,290 Gbps,BIT B.V.,"http://nl.releases.ubuntu.com/releases/, rsync://nl.releases.ubuntu.com/releases/",nl.releases.ubuntu.com,10 Gbps,N/A
Netherlands,290 Gbps,Nluug,"https://ftp.nluug.nl/os/Linux/distr/ubuntu-releases/, http://ftp.nluug.nl/os/Linux/distr/ubuntu-releases/, ftp://ftp.nluug.nl/pub/os/Linux/distr/ubuntu-releases/, rsync://ftp.nluug.nl/ubuntu-releases/",ftp.nluug.nl,10 Gbps,N/A
Netherlands,290 Gbps,"University of Twente, The Netherlands","https://ftp.snt.utwente.nl/pub/os/linux/ubuntu-releases/, http://ftp.snt.utwente.nl/pub/os/linux/ubuntu-releases/, ftp://ftp.snt.utwente.nl/pub/os/linux/ubuntu-releases/",ftp.snt.utwente.nl,10 Gbps,N/A
Netherlands,290 Gbps,Lyra Hosting,"https://mirror.lyrahosting.com/ubuntureleases/, http://mirror.lyrahosting.com/ubuntureleases/, ftp://mirror.lyrahosting.com/ubuntureleases/, rsync://mirror.lyrahosting.com/ubuntureleases/",mirror.lyrahosting.com,10 Gbps,N/A
Netherlands,290 Gbps,Maple-Hosting,http://mirror.maple-hosting.com/ubuntu/,mirror.maple-hosting.com,10 Gbps,N/A
Netherlands,290 Gbps,AltusHost B.V.,"https://mirror.nl.altushost.com/ubuntu-releases/, http://mirror.nl.altushost.com/ubuntu-releases/",mirror.nl.altushost.com,10 Gbps,N/A
Netherlands,290 Gbps,LeaseWeb Global B.V.,"https://mirror.nl.leaseweb.net/ubuntu-releases/, http://mirror.nl.leaseweb.net/ubuntu-releases/, ftp://mirror.nl.leaseweb.net/ubuntu-releases/, rsync://mirror.nl.leaseweb.net/ubuntu-releases/",mirror.nl.leaseweb.net,10 Gbps,N/A
Netherlands,290 Gbps,TNGNET B.V.,"https://mirror.tngnet.com/releases/, http://mirror.tngnet.com/releases/, rsync://mirror.tngnet.com/releases/",mirror.tngnet.com,10 Gbps,N/A
Netherlands,290 Gbps,IT Services Company S.R.O.,"https://mirrors.hostiserver.com/ubuntu-releases/, http://mirrors.hostiserver.com/ubuntu-releases/, ftp://mirrors.hostiserver.com/ubuntu-releases/, rsync://mirrors.hostiserver.com/ubuntu-releases/",mirrors.hostiserver.com,10 Gbps,N/A
Netherlands,290 Gbps,xTom,"https://mirrors.xtom.nl/ubuntu-releases/, http://mirrors.xtom.nl/ubuntu-releases/, rsync://mirrors.xtom.nl/ubuntu-releases/",mirrors.xtom.nl,10 Gbps,N/A
Netherlands,290 Gbps,SeedVPS,"http://mirror.seedvps.com/ubuntu-releases/, ftp://mirror.seedvps.com/ubuntu-releases/",mirror.seedvps.com,10 Gbps,N/A
Netherlands,290 Gbps,Triple,"https://ubuntu.mirror.wearetriple.com/releases/, http://ubuntu.mirror.wearetriple.com/releases/",ubuntu.mirror.wearetriple.com,10 Gbps,N/A
Netherlands,290 Gbps,PCextreme B.V.,http://nl3.releases.ubuntu.com/releases/,nl3.releases.ubuntu.com,2 Gbps,N/A
Netherlands,290 Gbps,University of Twente,"https://ftp.snt.utwente.nl/pub/linux/ubuntu-releases/, http://ftp.snt.utwente.nl/pub/linux/ubuntu-releases/, ftp://ftp.snt.utwente.nl/pub/linux/ubuntu-releases/",ftp.snt.utwente.nl,2 Gbps,N/A
Netherlands,290 Gbps,Technische Universiteit Delft,"http://ftp.tudelft.nl/releases.ubuntu.com/, ftp://ftp.tudelft.nl/pub/Linux/releases.ubuntu.com/",ftp.tudelft.nl,1 Gbps,N/A
Netherlands,290 Gbps,Kamatera Inc.,http://mirror.eu.kamatera.com/ubuntu-releases/,mirror.eu.kamatera.com,1 Gbps,N/A
Netherlands,290 Gbps,Hoasted,"https://mirror.hoasted.com/ubuntu-releases/, http://mirror.hoasted.com/ubuntu-releases/",mirror.hoasted.com,1 Gbps,N/A
Netherlands,290 Gbps,Hostnet bv,"https://mirror.hostnet.nl/ubuntu/releases/, http://mirror.hostnet.nl/ubuntu/releases/",mirror.hostnet.nl,1 Gbps,N/A
Netherlands,290 Gbps,Previder B.V.,"https://mirror.previder.nl/ubuntu-releases/, http://mirror.previder.nl/ubuntu-releases/, ftp://mirror.previder.nl/ubuntu-releases/",mirror.previder.nl,1 Gbps,N/A
Netherlands,290 Gbps,Evoluso.com,"https://mirrors.evoluso.com/ubuntu-releases/, http://mirrors.evoluso.com/ubuntu-releases/",mirrors.evoluso.com,1 Gbps,N/A
Netherlands,290 Gbps,Ftpserv.tudelft.nl,ftp://ftpserv.tudelft.nl/pub/Linux/releases.ubuntu.com/,ftpserv.tudelft.nl,10 Mbps,N/A
New Caledonia,6 Gbps,OFFRATEL LAGOON,"http://mirror.lagoon.nc/ubuntu-cd/, ftp://mirror.lagoon.nc/ubuntu-cd/, rsync://mirror.lagoon.nc/ubuntu-cd/",mirror.lagoon.nc,4 Gbps,N/A
New Caledonia,6 Gbps,Nautile,"http://releases.ubuntu.nautile.nc/, rsync://rsync.ubuntu.nautile.nc/ubuntu-releases/","rsync.ubuntu.nautile.nc, releases.ubuntu.nautile.nc",2 Gbps,N/A
New Zealand,31 Gbps,Free Software Mirror Group (FSMG),"https://mirror.fsmg.org.nz/ubuntu-releases/, http://mirror.fsmg.org.nz/ubuntu-releases/, rsync://mirror.fsmg.org.nz/ubuntu-releases/",mirror.fsmg.org.nz,20 Gbps,N/A
New Zealand,31 Gbps,2degrees,"https://mirror.2degrees.nz/ubuntu-releases/, http://mirror.2degrees.nz/ubuntu-releases/, rsync://mirror.2degrees.nz/ubuntu-releases/",mirror.2degrees.nz,10 Gbps,N/A
New Zealand,31 Gbps,University of Canterbury,https://ucmirror.canterbury.ac.nz/linux/ubuntu-releases/,ucmirror.canterbury.ac.nz,1 Gbps,N/A
Norway,32 Gbps,Blix Solutions AS,"http://no.mirrors.blix.com/ubuntu-releases/, rsync://no.mirrors.blix.com/ubuntu-releases/",no.mirrors.blix.com,10 Gbps,N/A
Norway,32 Gbps,"The Student Society in Trondhjem, Norway","http://no.releases.ubuntu.com/, rsync://no.archive.ubuntu.com/ubuntu-releases/","no.releases.ubuntu.com, no.archive.ubuntu.com",10 Gbps,N/A
Norway,32 Gbps,Institute of Marine Research,"https://ubuntu.hi.no/releases/, http://ubuntu.hi.no/releases/, rsync://ubuntu.hi.no/ubuntu-releases/",ubuntu.hi.no,10 Gbps,N/A
Norway,32 Gbps,UNINETT/University of Oslo,"http://ftp.uninett.no/linux/ubuntu-iso/, ftp://ftp.uninett.no/linux/ubuntu-iso/, rsync://ftp.uninett.no/ubuntu-iso/",ftp.uninett.no,1 Gbps,N/A
Norway,32 Gbps,University of Bergen,"http://ubuntu.uib.no/releases/, ftp://ubuntu.uib.no/pub/Linux/Distributions/ubuntu/releases/, rsync://ubuntu.uib.no/ubuntu-releases/",ubuntu.uib.no,1 Gbps,N/A
Oman,100 Mbps,Sultan Qaboos University,"http://mirror.squ.edu.om/ubuntureleases/, ftp://mirror.squ.edu.om/ubuntureleases/",mirror.squ.edu.om,100 Mbps,N/A
Philippines,1 Gbps,RISE,"http://mirror.rise.ph/ubuntu-rel/, ftp://mirror.rise.ph/ubuntu-rel/",mirror.rise.ph,1 Gbps,N/A
Poland,13 Gbps,ICM - Interdisciplinary Centre for Mathematical and Computational Modelling,"https://ftp.icm.edu.pl/pub/Linux/ubuntu-releases/, http://ftp.icm.edu.pl/pub/Linux/ubuntu-releases/, ftp://ftp.icm.edu.pl/pub/Linux/ubuntu-releases/, rsync://rsync.icm.edu.pl/pub/Linux/ubuntu-releases/","ftp.icm.edu.pl, rsync.icm.edu.pl",10 Gbps,N/A
Poland,13 Gbps,Miejska Sieć Komputerowa LODMAN / Politechnika Łódzka CK,"https://ubuntu.man.lodz.pl/ubuntu-releases/, http://ubuntu.man.lodz.pl/ubuntu-releases/, ftp://ubuntu.man.lodz.pl/ubuntu-releases/, rsync://ubuntu.man.lodz.pl/ubuntu-releases/",ubuntu.man.lodz.pl,1 Gbps,N/A
Poland,13 Gbps,Horyzont Technologie Internetowe Sp. z o.o.,http://ubuntu1.hti.pl/,ubuntu1.hti.pl,1 Gbps,N/A
Poland,13 Gbps,Horyzont Technologie Internetowe Sp. z o.o.,http://ubuntu2.hti.pl/,ubuntu2.hti.pl,1 Gbps,N/A
Portugal,33 Gbps,Tomas Leite de Castro,"https://mirror.leitecastro.com/ubuntu-releases/, http://mirror.leitecastro.com/ubuntu-releases/, rsync://mirror.leitecastro.com/ubuntu-releases/",mirror.leitecastro.com,20 Gbps,N/A
Portugal,33 Gbps,Universidade do Porto,"https://mirrors.up.pt/pub/ubuntu-releases/, http://mirrors.up.pt/pub/ubuntu-releases/, ftp://mirrors.up.pt/pub/ubuntu-releases/, rsync://mirrors.up.pt/pub/ubuntu-releases/",mirrors.up.pt,10 Gbps,N/A
Portugal,33 Gbps,CeSIUM - Universidade do Minho,"http://cesium.di.uminho.pt/pub/ubuntu-releases/, ftp://cesium.di.uminho.pt/pub/ubuntu-releases/, rsync://cesium.di.uminho.pt/ubuntu-releases/",cesium.di.uminho.pt,1 Gbps,N/A
Portugal,33 Gbps,Rede das Novas Licenciaturas - Técnico Lisboa,"https://ftp.rnl.tecnico.ulisboa.pt/pub/ubuntu/releases/, http://ftp.rnl.tecnico.ulisboa.pt/pub/ubuntu/releases/, ftp://ftp.rnl.tecnico.ulisboa.pt/pub/ubuntu/releases/, rsync://ftp.rnl.tecnico.ulisboa.pt/pub/ubuntu/releases/",ftp.rnl.tecnico.ulisboa.pt,1 Gbps,N/A
Portugal,33 Gbps,Grupo de Linux da Universidade de Aveiro,"https://glua.ua.pt/pub/ubuntu-releases/, http://glua.ua.pt/pub/ubuntu-releases/, ftp://glua.ua.pt/pub/ubuntu-releases/, rsync://glua.ua.pt/ubuntu-releases/",glua.ua.pt,1 Gbps,N/A
Portugal,33 Gbps,"DEI-FCTUC, University of Coimbra","http://releases.ubuntumirror.dei.uc.pt/, ftp://releases.ubuntumirror.dei.uc.pt/",releases.ubuntumirror.dei.uc.pt,2 Mbps,N/A
Puerto Rico,10 Gbps,University of Puerto Rico,"https://mirrors.upr.edu/ubuntu-releases/, http://mirrors.upr.edu/ubuntu-releases/, rsync://mirrors.upr.edu/ubuntu-releases/",mirrors.upr.edu,10 Gbps,N/A
Qatar,10 Gbps,Ava License,"https://ubuntu.avalicense.com/releases/, http://ubuntu.avalicense.com/releases/",ubuntu.avalicense.com,10 Gbps,N/A
Romania,44 Gbps,efectRO,"https://mirror.efect.ro/ubuntu/releases/, http://mirror.efect.ro/ubuntu/releases/",mirror.efect.ro,10 Gbps,N/A
Romania,44 Gbps,M247 Europe,"http://mirrors.m247.ro/ubuntu-releases/, rsync://mirrors.m247.ro/ubuntu-releases/",mirrors.m247.ro,10 Gbps,N/A
Romania,44 Gbps,NAV Communications,"https://mirrors.nav.ro/ubuntu-releases/, http://mirrors.nav.ro/ubuntu-releases/, ftp://mirrors.nav.ro/ubuntu-releases/, rsync://mirrors.nav.ro/ubuntu-releases/",mirrors.nav.ro,10 Gbps,N/A
Romania,44 Gbps,NXTHOST.COM,"https://mirrors.nxthost.com/ubuntu-releases/, http://mirrors.nxthost.com/ubuntu-releases/, rsync://mirrors.nxthost.com/ubuntu-releases/",mirrors.nxthost.com,10 Gbps,N/A
Romania,44 Gbps,Cyber_Folks,"https://mirror.flo.c-f.ro/ubuntu-releases/, http://mirror.flo.c-f.ro/ubuntu-releases/",mirror.flo.c-f.ro,1 Gbps,N/A
Romania,44 Gbps,Chroot,"https://mirrors.chroot.ro/ubuntu-releases/, http://mirrors.chroot.ro/ubuntu-releases/, ftp://mirrors.chroot.ro/ubuntu-releases/",mirrors.chroot.ro,1 Gbps,N/A
Romania,44 Gbps,Hostico,"https://mirrors.hostico.ro/ubuntu/releases/, http://mirrors.hostico.ro/ubuntu/releases/",mirrors.hostico.ro,1 Gbps,N/A
Romania,44 Gbps,Pidgin Host,"https://mirrors.pidginhost.com/ubuntu-releases/, http://mirrors.pidginhost.com/ubuntu-releases/, ftp://mirrors.pidginhost.com/ubuntu-releases/, rsync://mirrors.pidginhost.com/ubuntu-releases/",mirrors.pidginhost.com,1 Gbps,N/A
Romania,44 Gbps,Ftp.lug.ro-releases,"https://ftp.lug.ro/ubuntu-releases/, http://ftp.lug.ro/ubuntu-releases/",ftp.lug.ro,10 Mbps,N/A
Russian Federation,36 Gbps,team-host,"https://mirror.team-host.ru/ubuntu-cdimage/, http://mirror.team-host.ru/ubuntu-cdimage/",mirror.team-host.ru,20 Gbps,N/A
Russian Federation,36 Gbps,ia64-linux.org,"https://mirror.linux-ia64.org/ubuntu-releases/, http://mirror.linux-ia64.org/ubuntu-releases/",mirror.linux-ia64.org,10 Gbps,N/A
Russian Federation,36 Gbps,Truenetwork,"https://mirror.truenetwork.ru/ubuntu-releases/, http://mirror.truenetwork.ru/ubuntu-releases/, ftp://mirror.truenetwork.ru/ubuntu-releases/, rsync://mirror.truenetwork.ru/ubuntu-releases/",mirror.truenetwork.ru,2 Gbps,N/A
Russian Federation,36 Gbps,Mirror.beget.ru-release,"http://mirror.beget.ru/ubuntu-releases/, ftp://mirror.beget.ru/ubuntu-releases/, rsync://mirror.beget.ru/ubuntu-releases/",mirror.beget.ru,1 Gbps,N/A
Russian Federation,36 Gbps,Beeline,"https://mirror.corbina.net/ubuntu-cd/, http://mirror.corbina.net/ubuntu-cd/, ftp://mirror.corbina.net/ubuntu-cd/, rsync://mirror.corbina.net/ubuntu-cd/",mirror.corbina.net,1 Gbps,N/A
Russian Federation,36 Gbps,HyperDedic,"https://mirror.hyperdedic.ru/ubuntu-releases/, http://mirror.hyperdedic.ru/ubuntu-releases/, rsync://mirror.hyperdedic.ru/ubuntu-releases/",mirror.hyperdedic.ru,1 Gbps,N/A
Russian Federation,36 Gbps,POWERNET,"http://mirrors.powernet.com.ru/ubuntu-releases/, ftp://mirrors.powernet.com.ru/pub/ubuntu/releases/, rsync://mirrors.powernet.com.ru/releases/",mirrors.powernet.com.ru,1 Gbps,N/A
Saudi Arabia,11 Gbps,Servering Co,"https://ubuntu.servering.info/releases/, http://ubuntu.servering.info/releases/",ubuntu.servering.info,10 Gbps,N/A
Saudi Arabia,11 Gbps,Maeen Network,"https://mirror.maeen.sa/apt-mirror-releases/, http://mirror.maeen.sa/apt-mirror-releases/, rsync://mirror.maeen.sa/apt-mirror-releases/",mirror.maeen.sa,1 Gbps,N/A
Serbia,51 Gbps,Serbian Open eXchange,"https://mirror1.sox.rs/ubuntu/releases/, http://mirror1.sox.rs/ubuntu/releases/, rsync://mirror1.sox.rs/ubuntu/releases/",mirror1.sox.rs,50 Gbps,N/A
Serbia,51 Gbps,RC ETF,"http://rs.releases.ubuntu.com/, ftp://rs.releases.ubuntu.com/ubuntu/, rsync://rs.releases.ubuntu.com/releases/",rs.releases.ubuntu.com,1 Gbps,N/A
Singapore,177 Gbps,OnboardCloud,"http://ossmirror.mycloud.services/os/linux/ubuntu-releases/, rsync://ossmirror.mycloud.services/linux/ubuntu-releases/",ossmirror.mycloud.services,100 Gbps,N/A
Singapore,177 Gbps,SG.GS,"http://mirror.sg.gs/ubuntu-releases/, rsync://mirror.sg.gs/ubuntu-releases/",mirror.sg.gs,50 Gbps,N/A
Singapore,177 Gbps,Andrew Yong,"http://mirror.0x.sg/ubuntu-releases/, ftp://mirror.0x.sg/ubuntu-releases/, rsync://mirror.0x.sg/ubuntu-releases/",mirror.0x.sg,10 Gbps,N/A
Singapore,177 Gbps,Freedif,"https://mirror.freedif.org/ubuntu-releases/, http://mirror.freedif.org/ubuntu-releases/, rsync://mirror.freedif.org/ubuntu-releases/",mirror.freedif.org,10 Gbps,N/A
Singapore,177 Gbps,Neo Soon Keat,http://mirror.soonkeat.sg/ubuntu-releases/,mirror.soonkeat.sg,4 Gbps,N/A
Singapore,177 Gbps,Cogan Ng (The Infinitive),"https://mirror.coganng.com/ubuntu-cdimage/, http://mirror.coganng.com/ubuntu-cdimage/, ftp://mirror.coganng.com/ubuntu-cdimage/, rsync://mirror.coganng.com/ubuntu-cdimage/",mirror.coganng.com,1 Gbps,N/A
Singapore,177 Gbps,ReadySpace,http://mirror.readyspace.com/ubuntu/,mirror.readyspace.com,1 Gbps,N/A
Singapore,177 Gbps,vHost,"https://sg-mirrors.vhost.vn/ubuntu-release/, http://sg-mirrors.vhost.vn/ubuntu-release/",sg-mirrors.vhost.vn,1 Gbps,N/A
Slovakia,1 Gbps,Rainside,"http://tux.rainside.sk/ubuntu-releases/, ftp://tux.rainside.sk/ubuntu-releases/",tux.rainside.sk,1 Gbps,N/A
Slovenia,100 Mbps,Arnes,"https://ftp.arnes.si/pub/mirrors/ubuntu-cdimage/, http://ftp.arnes.si/pub/mirrors/ubuntu-cdimage/, ftp://ftp.arnes.si/mirrors/ubuntu-cdimage/, rsync://ftp.arnes.si/releases/",ftp.arnes.si,100 Mbps,N/A
South Africa,3 Gbps,HOSTAFRICA,http://mirror.hostafrica.co.za/ubuntu-releases/,mirror.hostafrica.co.za,1 Gbps,N/A
South Africa,3 Gbps,Telkom SAIX,"http://ubuntu.saix.net/ubuntu-releases/, ftp://ftp.saix.net/pub/linux/distributions/Ubuntu/ubuntu-releases/","ftp.saix.net, ubuntu.saix.net",1 Gbps,N/A
South Africa,3 Gbps,Internet Solutions,"http://ubuntuarchive.is.co.za/cdimage/releases/, ftp://ubuntuarchive.is.co.za/cdimage/releases/",ubuntuarchive.is.co.za,1 Gbps,N/A
Spain,27 Gbps,RedIRIS,"http://ftp.rediris.es/sites/releases.ubuntu.com/, ftp://ftp.rediris.es/sites/releases.ubuntu.com/, rsync://rsync.rediris.es/sites/releases.ubuntu.com/","ftp.rediris.es, rsync.rediris.es",10 Gbps,N/A
Spain,27 Gbps,Raiola Networks,"http://mirror.raiolanetworks.com/ubuntu-releases/, rsync://mirror.raiolanetworks.com/pub/ubuntu-releases/",mirror.raiolanetworks.com,10 Gbps,N/A
Spain,27 Gbps,Oficina de Software Libre - CIXUG,"http://ftp.udc.es/ubuntu-releases/, ftp://ftp.udc.es/ubuntu-releases/, rsync://rsync.udc.es/ubuntu-releases/","ftp.udc.es, rsync.udc.es",2 Gbps,N/A
Spain,27 Gbps,Caliu,"https://ftp.caliu.cat/pub/distribucions/ubuntu/releases/, http://ftp.caliu.cat/pub/distribucions/ubuntu/releases/",ftp.caliu.cat,1 Gbps,N/A
Spain,27 Gbps,Redparra,"https://mirrors.redparra.com/ubuntureleases/, http://mirrors.redparra.com/ubuntureleases/",mirrors.redparra.com,1 Gbps,N/A
Spain,27 Gbps,University of Zaragoza,"https://softlibre.unizar.es/ubuntu/releases/, http://softlibre.unizar.es/ubuntu/releases/, ftp://softlibre.unizar.es/ubuntu/releases/",softlibre.unizar.es,1 Gbps,N/A
Spain,27 Gbps,RedIRIS,"https://ftp.rediris.es/mirror/ubuntu-releases/, http://ftp.rediris.es/mirror/ubuntu-releases/, ftp://ftp.rediris.es/mirror/ubuntu-releases/, rsync://rsync.rediris.es/ftp/mirror/ubuntu-releases/","ftp.rediris.es, rsync.rediris.es",1 Gbps,N/A
Spain,27 Gbps,Javinator9889,"https://ubunturel.javinator9889.com/, http://ubunturel.javinator9889.com/, rsync://ubunturel.javinator9889.com/ubuntu/",ubunturel.javinator9889.com,1 Gbps,N/A
Spain,27 Gbps,DAFI-CEUM Universidad de Murcia,"http://dafi.inf.um.es/ubuntu-releases/, ftp://dafi.inf.um.es/ubuntu-releases/",dafi.inf.um.es,100 Mbps,N/A
Spain,27 Gbps,GRN Serveis telemàtics,"http://ubuntu.grn.cat/ubuntu-releases/, ftp://ubuntu.grn.cat/ubuntu-releases/",ubuntu.grn.cat,100 Mbps,N/A
Sweden,41 Gbps,"Academic Computer Club, Umeå University","http://se.releases.ubuntu.com/, rsync://se.releases.ubuntu.com/mirror/ubuntu-releases/",se.releases.ubuntu.com,20 Gbps,N/A
Sweden,41 Gbps,Bahnhof,"https://mirror.bahnhof.net/ubuntu-releases/, http://mirror.bahnhof.net/ubuntu-releases/, ftp://mirror.bahnhof.net/ubuntu-releases/, rsync://mirror.bahnhof.net/ubuntu-releases/",mirror.bahnhof.net,10 Gbps,N/A
Sweden,41 Gbps,Nordlo Group AB,"https://mirror.zetup.net/ubuntu-cd/, http://mirror.zetup.net/ubuntu-cd/",mirror.zetup.net,10 Gbps,N/A
Sweden,41 Gbps,Lysator,"https://ftp.lysator.liu.se/ubuntu-releases/, http://ftp.lysator.liu.se/ubuntu-releases/, ftp://ftp.lysator.liu.se/ubuntu-releases/, rsync://ftp.lysator.liu.se/ubuntu-releases/",ftp.lysator.liu.se,1 Gbps,N/A
Sweden,41 Gbps,Infania Networks,"https://ftpmirror.infania.net/mirror/ubuntu-releases/, http://ftpmirror.infania.net/mirror/ubuntu-releases/, ftp://ftpmirror.infania.net/mirror/ubuntu-releases/, rsync://ftpmirror.infania.net/ubuntu-releases/",ftpmirror.infania.net,100 Mbps,N/A
Sweden,41 Gbps,Brain Drain Lan,"https://ubuntu-releases.braindrainlan.nu/, http://ubuntu-releases.braindrainlan.nu/, rsync://ubuntu-releases.braindrainlan.nu/ubuntu-releases/",ubuntu-releases.braindrainlan.nu,100 Mbps,N/A
Switzerland,143 Gbps,Swiss Innovative Arts and Technology Institute,"https://mirror.siati.ch/ubuntu-releases/, http://mirror.siati.ch/ubuntu-releases/",mirror.siati.ch,100 Gbps,N/A
Switzerland,143 Gbps,Init7 (Schweiz) AG,"https://mirror.init7.net/ubuntu-releases/, http://mirror.init7.net/ubuntu-releases/, rsync://mirror.init7.net/ubuntu-releases/",mirror.init7.net,20 Gbps,N/A
Switzerland,143 Gbps,"BSE Software GmbH, SolNet","https://mirror.solnet.ch/ubuntu-releases/, http://mirror.solnet.ch/ubuntu-releases/, rsync://mirror.solnet.ch/ubuntu-releases/",mirror.solnet.ch,10 Gbps,N/A
Switzerland,143 Gbps,Communication Systems Group (CSG@UZH),"http://releases.ubuntu.csg.uzh.ch/ubuntu/, ftp://releases.ubuntu.csg.uzh.ch/ubuntu/releases/",releases.ubuntu.csg.uzh.ch,10 Gbps,N/A
Switzerland,143 Gbps,GoFoss,"https://mirror.gofoss.xyz/ubuntu-iso/, http://mirror.gofoss.xyz/ubuntu-iso/, rsync://mirror.gofoss.xyz/ubuntu-iso/",mirror.gofoss.xyz,2 Gbps,N/A
Switzerland,143 Gbps,Fremont Cabal Internet Exchange,"https://ipng.mm.fcix.net/ubuntu-releases/, http://ipng.mm.fcix.net/ubuntu-releases/, rsync://ipng.mm.fcix.net/ubuntu-releases/",ipng.mm.fcix.net,1 Gbps,N/A
Taiwan,91 Gbps,Taiwan Digital Streaming Co.,"https://mirror.twds.com.tw/ubuntu-releases/, http://mirror.twds.com.tw/ubuntu-releases/, rsync://mirror.twds.com.tw/ubuntu-releases/",mirror.twds.com.tw,50 Gbps,N/A
Taiwan,91 Gbps,"NCHC, Taiwan","https://free.nchc.org.tw/ubuntu-cd/, http://free.nchc.org.tw/ubuntu-cd/, ftp://free.nchc.org.tw/ubuntu-cd/",free.nchc.org.tw,20 Gbps,N/A
Taiwan,91 Gbps,NCKU CCNS,"https://ubuntu.ccns.ncku.edu.tw/ubuntu-cd/, http://ubuntu.ccns.ncku.edu.tw/ubuntu-cd/, rsync://ubuntu.ccns.ncku.edu.tw/ubuntu-cd/",ubuntu.ccns.ncku.edu.tw,10 Gbps,N/A
Taiwan,91 Gbps,Ubuntu-TW,"https://ftp.ubuntu-tw.net/ubuntu-releases/, http://ftp.ubuntu-tw.net/ubuntu-releases/, ftp://ftp.ubuntu-tw.net/ubuntu-releases/, rsync://ftp.ubuntu-tw.org/ubuntu-releases/","ftp.ubuntu-tw.net, ftp.ubuntu-tw.org",4 Gbps,N/A
Taiwan,91 Gbps,OSSPlanet,"https://mirror.ossplanet.net/ubuntu-releases/, http://mirror.ossplanet.net/ubuntu-releases/, ftp://mirror.ossplanet.net/ubuntu-releases/, rsync://mirror.ossplanet.net/ubuntu-releases/",mirror.ossplanet.net,4 Gbps,N/A
Taiwan,91 Gbps,TaiChung City Education Network Center,https://ftp.tc.edu.tw/iso/Ubuntu/,ftp.tc.edu.tw,1 Gbps,N/A
Taiwan,91 Gbps,TKU-TamKangUniversity,"http://ftp.tku.edu.tw/ubuntu-releases/, ftp://ftp.tku.edu.tw/ubuntu-releases/",ftp.tku.edu.tw,1 Gbps,N/A
Taiwan,91 Gbps,NCTUCSCC,"http://ubuntu.cs.nctu.edu.tw/ubuntu-release/, rsync://ubuntu.cs.nctu.edu.tw/ubuntu-release/",ubuntu.cs.nctu.edu.tw,1 Gbps,N/A
"Tanzania, United Republic of",1 Gbps,Aptus Solutions,"http://mirror.aptus.co.tz/pub/ubuntu/, ftp://mirror.aptus.co.tz/ubuntu/",mirror.aptus.co.tz,1 Gbps,N/A
Thailand,201 Gbps,Khon Kaen University,"https://mirror.kku.ac.th/ubuntu-releases/, http://mirror.kku.ac.th/ubuntu-releases/, ftp://mirror.kku.ac.th/ubuntu-releases/, rsync://mirror.kku.ac.th/ubuntu-releases/",mirror.kku.ac.th,100 Gbps,N/A
Thailand,201 Gbps,"CLOUDFOREST CO., LTD.","https://mirrors.cloudforest.co.th/ubuntu-releases/, http://mirrors.cloudforest.co.th/ubuntu-releases/",mirrors.cloudforest.co.th,50 Gbps,N/A
Thailand,201 Gbps,CMKL University,"https://mirror.cmkl.ac.th/ubuntu-releases/, http://mirror.cmkl.ac.th/ubuntu-releases/",mirror.cmkl.ac.th,20 Gbps,N/A
Thailand,201 Gbps,TOT Internet Data Center,"http://mirror1.totbb.net/ubuntu-releases/, rsync://mirror1.totbb.net/ubuntu-releases/",mirror1.totbb.net,10 Gbps,N/A
Thailand,201 Gbps,"Bangmod Enterprise Co., Ltd.","https://mirrors.bangmod.cloud/ubuntu-release/, http://mirrors.bangmod.cloud/ubuntu-release/",mirrors.bangmod.cloud,10 Gbps,N/A
Thailand,201 Gbps,"School of Information Technology, KMUTT","https://ubuntu-releases.sit.kmutt.ac.th/, http://ubuntu-releases.sit.kmutt.ac.th/",ubuntu-releases.sit.kmutt.ac.th,10 Gbps,N/A
Thailand,201 Gbps,thaidns.co.th,http://mirror.thaidns.co.th/ubuntu-releases/,mirror.thaidns.co.th,1 Gbps,N/A
Turkey,22 Gbps,ALASTYR,"https://mirror.alastyr.com/ubuntu/ubuntu-releases/, http://mirror.alastyr.com/ubuntu/ubuntu-releases/, rsync://mirror.alastyr.com/ubuntu/ubuntu-releases/",mirror.alastyr.com,10 Gbps,N/A
Turkey,22 Gbps,Verinomi,"https://mirror.verinomi.com/ubuntu/ubuntu-releases/, http://mirror.verinomi.com/ubuntu/ubuntu-releases/",mirror.verinomi.com,10 Gbps,N/A
Turkey,22 Gbps,Domainhizmetleri.com,"https://mirror.domainhizmetleri.com/ubuntu-releases/, http://mirror.domainhizmetleri.com/ubuntu-releases/",mirror.domainhizmetleri.com,2 Gbps,N/A
Ukraine,34 Gbps,Hostiko,"https://mirror.hostiko.network/ubuntu-releases/, http://mirror.hostiko.network/ubuntu-releases/",mirror.hostiko.network,20 Gbps,N/A
Ukraine,34 Gbps,Volia Broadband,"https://ubuntu.volia.net/ubuntu-releases/, http://ubuntu.volia.net/ubuntu-releases/, ftp://ubuntu.volia.net/ubuntu-releases/, rsync://ubuntu.volia.net/releases/",ubuntu.volia.net,10 Gbps,N/A
Ukraine,34 Gbps,Omnilance Ltd.,"http://releases.ubuntu.mirrors.omnilance.com/, ftp://ubuntu.mirrors.omnilance.com/ubuntu/releases/","ubuntu.mirrors.omnilance.com, releases.ubuntu.mirrors.omnilance.com",2 Gbps,N/A
Ukraine,34 Gbps,Distrohub,"https://distrohub.kyiv.ua/ubuntucd/, http://distrohub.kyiv.ua/ubuntucd/, rsync://distrohub.kyiv.ua/ubuntucd/",distrohub.kyiv.ua,1 Gbps,N/A
Ukraine,34 Gbps,NetForce Ukraine LLC,"https://ubuntu.netforce.hosting/ubuntu-releases/, http://ubuntu.netforce.hosting/ubuntu-releases/, ftp://ubuntu.netforce.hosting/ubuntu-releases/, rsync://ubuntu.netforce.hosting/ubuntu-releases/",ubuntu.netforce.hosting,1 Gbps,N/A
United Arab Emirates,10 Gbps,Root License,"https://ubuntu.rootlicense.com/releases/, http://ubuntu.rootlicense.com/releases/",ubuntu.rootlicense.com,10 Gbps,N/A
United Kingdom,102 Gbps,Canonical Ltd.,"https://releases.ubuntu.com/, http://releases.ubuntu.com/, ftp://ftp.releases.ubuntu.com/releases/, rsync://rsync.releases.ubuntu.com/ubuntu-releases/","ftp.releases.ubuntu.com, rsync.releases.ubuntu.com, releases.ubuntu.com",20 Gbps,N/A
United Kingdom,102 Gbps,Fremont Cabal Internet Exchange,"https://ask4.mm.fcix.net/ubuntu-releases/, http://ask4.mm.fcix.net/ubuntu-releases/, rsync://ask4.mm.fcix.net/ubuntu-releases/",ask4.mm.fcix.net,10 Gbps,N/A
United Kingdom,102 Gbps,Katapult,"https://mirror.katapult.io/ubuntu-releases/, http://mirror.katapult.io/ubuntu-releases/",mirror.katapult.io,10 Gbps,N/A
United Kingdom,102 Gbps,Server.net,"https://mirror.server.net/ubuntu-releases/, http://mirror.server.net/ubuntu-releases/",mirror.server.net,10 Gbps,N/A
United Kingdom,102 Gbps,Vorboss Ltd,http://mirror.vorboss.net/ubuntu-releases/,mirror.vorboss.net,10 Gbps,N/A
United Kingdom,102 Gbps,20i.com,"https://mirrors.20i.com/pub/releases.ubuntu.com/, http://mirrors.20i.com/pub/releases.ubuntu.com/",mirrors.20i.com,10 Gbps,N/A
United Kingdom,102 Gbps,Vinters,"https://mirrors.vinters.com/ubuntu-releases/, http://mirrors.vinters.com/ubuntu-releases/, rsync://mirrors.vinters.com/ubuntu-releases/",mirrors.vinters.com,10 Gbps,N/A
United Kingdom,102 Gbps,University Of Kent UK Mirror Service,"https://www.mirrorservice.org/sites/releases.ubuntu.com/, http://www.mirrorservice.org/sites/releases.ubuntu.com/, ftp://ftp.mirrorservice.org/sites/releases.ubuntu.com/, rsync://rsync.mirrorservice.org/releases.ubuntu.com/","rsync.mirrorservice.org, ftp.mirrorservice.org, www.mirrorservice.org",10 Gbps,N/A
United Kingdom,102 Gbps,Fremont Cabal Internet Exchange,"https://b4sh.mm.fcix.net/ubuntu-releases/, http://b4sh.mm.fcix.net/ubuntu-releases/, rsync://b4sh.mm.fcix.net/ubuntu-releases/",b4sh.mm.fcix.net,1 Gbps,N/A
United Kingdom,102 Gbps,Fremont Cabal Internet Exchange,"https://creeperhost.mm.fcix.net/ubuntu-releases/, http://creeperhost.mm.fcix.net/ubuntu-releases/, rsync://creeperhost.mm.fcix.net/ubuntu-releases/",creeperhost.mm.fcix.net,1 Gbps,N/A
United Kingdom,102 Gbps,Fremont Cabal Internet Exchange,"https://divergentnetworks.mm.fcix.net/ubuntu-releases/, http://divergentnetworks.mm.fcix.net/ubuntu-releases/, rsync://divergentnetworks.mm.fcix.net/ubuntu-releases/",divergentnetworks.mm.fcix.net,1 Gbps,N/A
United Kingdom,102 Gbps,XILO Communications Ltd.,"http://mirror.as29550.net/releases.ubuntu.com/, ftp://mirror.as29550.net/releases.ubuntu.com/",mirror.as29550.net,1 Gbps,N/A
United Kingdom,102 Gbps,Kamatera Inc.,http://mirror.eu-lo.kamatera.com/ubuntu-releases/,mirror.eu-lo.kamatera.com,1 Gbps,N/A
United Kingdom,102 Gbps,Freethought Internet,"https://mirror.freethought-internet.co.uk/ubuntu-releases/, http://mirror.freethought-internet.co.uk/ubuntu-releases/, ftp://mirror.freethought-internet.co.uk/ubuntu-releases/, rsync://mirror.freethought-internet.co.uk/ubuntu-releases/",mirror.freethought-internet.co.uk,1 Gbps,N/A
United Kingdom,102 Gbps,"IT Services, University of Oxford","http://mirror.ox.ac.uk/sites/releases.ubuntu.com/releases/, ftp://mirror.ox.ac.uk/sites/releases.ubuntu.com/releases/",mirror.ox.ac.uk,1 Gbps,N/A
United Kingdom,102 Gbps,VineHost,"https://mirror.vinehost.net/ubuntu-releases/, http://mirror.vinehost.net/ubuntu-releases/, ftp://mirror.vinehost.net/ubuntu-releases/, rsync://mirror.vinehost.net/ubuntu-releases/",mirror.vinehost.net,1 Gbps,N/A
United Kingdom,102 Gbps,UK2,"http://releases.ubuntu.mirrors.uk2.net/, ftp://ubuntu.mirrors.uk2.net/ubuntu-releases/, rsync://ubuntu.mirrors.uk2.net/releases/","releases.ubuntu.mirrors.uk2.net, ubuntu.mirrors.uk2.net",1 Gbps,N/A
United Kingdom,102 Gbps,Moon127.net,http://releases.ubuntu.moon127.net/,releases.ubuntu.moon127.net,1 Gbps,N/A
United Kingdom,102 Gbps,Ticklers.Org,"http://ftp.ticklers.org/releases.ubuntu.org/releases/, rsync://ftp.ticklers.org/releases.ubuntu.org/releases/",ftp.ticklers.org,1 Gbps,N/A
United Kingdom,102 Gbps,Datahop Ltd.,"http://gb.releases.ubuntu.com/, ftp://gb.releases.ubuntu.com/, rsync://gb.releases.ubuntu.com/releases/",gb.releases.ubuntu.com,1 Gbps,N/A
United Kingdom,102 Gbps,EyeScary Development,"https://repo.c48.uk/ubuntu/releases/, http://repo.c48.uk/ubuntu/releases/, rsync://repo.c48.uk/ubuntu/releases/",repo.c48.uk,100 Mbps,N/A
United States,527 Gbps,Pilot Fiber,"https://mirror.pilotfiber.com/ubuntu-iso/, http://mirror.pilotfiber.com/ubuntu-iso/",mirror.pilotfiber.com,50 Gbps,N/A
United States,527 Gbps,Fremont Cabal Internet Exchange,"https://cofractal-ewr.mm.fcix.net/ubuntu-releases/, http://cofractal-ewr.mm.fcix.net/ubuntu-releases/, rsync://cofractal-ewr.mm.fcix.net/ubuntu-releases/",cofractal-ewr.mm.fcix.net,20 Gbps,N/A
United States,527 Gbps,Fremont Cabal Internet Exchange,"https://cofractal-sea.mm.fcix.net/ubuntu-releases/, http://cofractal-sea.mm.fcix.net/ubuntu-releases/, rsync://cofractal-sea.mm.fcix.net/ubuntu-releases/",cofractal-sea.mm.fcix.net,20 Gbps,N/A
United States,527 Gbps,Fremont Cabal Internet Exchange,"https://gigsouth.mm.fcix.net/ubuntu-releases/, http://gigsouth.mm.fcix.net/ubuntu-releases/, rsync://gigsouth.mm.fcix.net/ubuntu-releases/",gigsouth.mm.fcix.net,20 Gbps,N/A
United States,527 Gbps,Princeton Mathematics,"https://mirror.math.princeton.edu/pub/ubuntu-iso/, http://mirror.math.princeton.edu/pub/ubuntu-iso/, rsync://mirror.math.princeton.edu/pub/ubuntu-iso/",mirror.math.princeton.edu,20 Gbps,N/A
United States,527 Gbps,TeraSwitch Inc.,"https://mirror.pit.teraswitch.com/ubuntu-releases/, http://mirror.pit.teraswitch.com/ubuntu-releases/, rsync://mirror.pit.teraswitch.com/ubuntu-releases/",mirror.pit.teraswitch.com,20 Gbps,N/A
United States,527 Gbps,MIRhosting,"https://mirror.us.mirhosting.net/ubuntu-releases/, http://mirror.us.mirhosting.net/ubuntu-releases/, ftp://mirror.us.mirhosting.net/ubuntu-releases/, rsync://mirror.us.mirhosting.net/ubuntu-releases/",mirror.us.mirhosting.net,20 Gbps,N/A
United States,527 Gbps,Lancaster-Lebanon IU13,"https://mirrors.iu13.net/ubuntu-releases/, http://mirrors.iu13.net/ubuntu-releases/, rsync://mirrors.iu13.net/ubuntu-releases/",mirrors.iu13.net,20 Gbps,N/A
United States,527 Gbps,Fremont Cabal Internet Exchange,"https://southfront.mm.fcix.net/ubuntu-releases/, http://southfront.mm.fcix.net/ubuntu-releases/, rsync://southfront.mm.fcix.net/ubuntu-releases/",southfront.mm.fcix.net,20 Gbps,N/A
United States,527 Gbps,Fremont Cabal Internet Exchange,"https://coresite-atl.mm.fcix.net/ubuntu-releases/, http://coresite-atl.mm.fcix.net/ubuntu-releases/, rsync://coresite-atl.mm.fcix.net/ubuntu-releases/",coresite-atl.mm.fcix.net,10 Gbps,N/A
United States,527 Gbps,Fremont Cabal Internet Exchange,"https://forksystems.mm.fcix.net/ubuntu-releases/, http://forksystems.mm.fcix.net/ubuntu-releases/, rsync://forksystems.mm.fcix.net/ubuntu-releases/",forksystems.mm.fcix.net,10 Gbps,N/A
United States,527 Gbps,Fremont Cabal Internet Exchange,"https://insect.mm.fcix.net/ubuntu-releases/, http://insect.mm.fcix.net/ubuntu-releases/, rsync://insect.mm.fcix.net/ubuntu-releases/",insect.mm.fcix.net,10 Gbps,N/A
United States,527 Gbps,Constant.com,"https://isos.ubuntu.mirror.constant.com/, http://isos.ubuntu.mirror.constant.com/",isos.ubuntu.mirror.constant.com,10 Gbps,N/A
United States,527 Gbps,Fremont Cabal Internet Exchange,"https://ix-denver.mm.fcix.net/ubuntu-releases/, http://ix-denver.mm.fcix.net/ubuntu-releases/, rsync://ix-denver.mm.fcix.net/ubuntu-releases/",ix-denver.mm.fcix.net,10 Gbps,N/A
United States,527 Gbps,University of Arizona,"https://mirror.arizona.edu/ubuntu-releases/, http://mirror.arizona.edu/ubuntu-releases/, rsync://mirror.arizona.edu/ubuntu-releases/",mirror.arizona.edu,10 Gbps,N/A
United States,527 Gbps,Old Dominion University,"https://mirror.cs.odu.edu/ubuntu-releases/, http://mirror.cs.odu.edu/ubuntu-releases/",mirror.cs.odu.edu,10 Gbps,N/A
United States,527 Gbps,ETTE.biz,"https://mirror.ette.biz/ubuntu-releases/, http://mirror.ette.biz/ubuntu-releases/, rsync://mirror.ette.biz/ubuntu-releases/",mirror.ette.biz,10 Gbps,N/A
United States,527 Gbps,Fremont Cabal Internet Exchange,"https://mirror.fcix.net/ubuntu-releases/, http://mirror.fcix.net/ubuntu-releases/",mirror.fcix.net,10 Gbps,N/A
United States,527 Gbps,Hoobly Classifieds,"https://ubuntu.mirrors.hoobly.com/, http://ubuntu.mirrors.hoobly.com/",ubuntu.mirrors.hoobly.com,10 Gbps,N/A
United States,527 Gbps,Limestone Networks,"https://mirror.lstn.net/ubuntu-releases/, http://mirror.lstn.net/ubuntu-releases/, rsync://mirror.lstn.net/ubuntu-releases/",mirror.lstn.net,10 Gbps,N/A
United States,527 Gbps,Pacific NorthWest National Lab,"https://mirror.pnl.gov/releases/, http://mirror.pnl.gov/releases/, rsync://mirror.pnl.gov/releases/",mirror.pnl.gov,10 Gbps,N/A
United States,527 Gbps,University of Maryland,"https://mirror.umd.edu/ubuntu-iso/, http://mirror.umd.edu/ubuntu-iso/, rsync://mirror.umd.edu/ubuntu-iso/",mirror.umd.edu,10 Gbps,N/A
United States,527 Gbps,"LeaseWeb USA, Inc","https://mirror.us.leaseweb.net/ubuntu-releases/, http://mirror.us.leaseweb.net/ubuntu-releases/, ftp://mirror.us.leaseweb.net/ubuntu-releases/, rsync://mirror.us.leaseweb.net/ubuntu-releases/",mirror.us.leaseweb.net,10 Gbps,N/A
United States,527 Gbps,Bloomsburg University of Pennsylvania,"https://mirrors.bloomu.edu/ubuntu-releases/, http://mirrors.bloomu.edu/ubuntu-releases/, ftp://mirrors.bloomu.edu/ubuntu-releases/, rsync://mirrors.bloomu.edu/ubuntu-releases/",mirrors.bloomu.edu,10 Gbps,N/A
United States,527 Gbps,Spartan Linux Users Group,"https://mirrors.egr.msu.edu/ubuntu-iso/, http://mirrors.egr.msu.edu/ubuntu-iso/",mirrors.egr.msu.edu,10 Gbps,N/A
United States,527 Gbps,NetmanageIT,https://mirrors.netmanageit.com/ubuntu-releases/,mirrors.netmanageit.com,10 Gbps,N/A
United States,527 Gbps,Rochester Institute of Technology,"https://mirrors.rit.edu/ubuntu-releases/, http://mirrors.rit.edu/ubuntu-releases/, ftp://mirrors.rit.edu/ubuntu-releases/",mirrors.rit.edu,10 Gbps,N/A
United States,527 Gbps,US Internet,"http://mirrors.usinternet.com/ubuntu/releases/, rsync://mirrors.usinternet.com/ubuntu-releases/",mirrors.usinternet.com,10 Gbps,N/A
United States,527 Gbps,xTom,"https://mirrors.xtom.com/ubuntu-releases/, http://mirrors.xtom.com/ubuntu-releases/, rsync://mirrors.xtom.com/ubuntu-releases/",mirrors.xtom.com,10 Gbps,N/A
United States,527 Gbps,Fremont Cabal Internet Exchange,"https://nnenix.mm.fcix.net/ubuntu-releases/, http://nnenix.mm.fcix.net/ubuntu-releases/, rsync://nnenix.mm.fcix.net/ubuntu-releases/",nnenix.mm.fcix.net,10 Gbps,N/A
United States,527 Gbps,Fremont Cabal Internet Exchange,"https://nocix.mm.fcix.net/ubuntu-releases/, http://nocix.mm.fcix.net/ubuntu-releases/, rsync://nocix.mm.fcix.net/ubuntu-releases/",nocix.mm.fcix.net,10 Gbps,N/A
United States,527 Gbps,Fremont Cabal Internet Exchange,"https://opencolo.mm.fcix.net/ubuntu-releases/, http://opencolo.mm.fcix.net/ubuntu-releases/, rsync://opencolo.mm.fcix.net/ubuntu-releases/",opencolo.mm.fcix.net,10 Gbps,N/A
United States,527 Gbps,University of Utah,"http://ubuntu.cs.utah.edu/releases/, ftp://ubuntu.cs.utah.edu/ubuntu/releases/, rsync://ubuntu.cs.utah.edu/ubuntu-releases/",ubuntu.cs.utah.edu,10 Gbps,N/A
United States,527 Gbps,Fremont Cabal Internet Exchange,"https://solidrock.mm.fcix.net/ubuntu-releases/, http://solidrock.mm.fcix.net/ubuntu-releases/, rsync://solidrock.mm.fcix.net/ubuntu-releases/",solidrock.mm.fcix.net,10 Gbps,N/A
United States,527 Gbps,Fremont Cabal Internet Exchange,"https://volico.mm.fcix.net/ubuntu-releases/, http://volico.mm.fcix.net/ubuntu-releases/, rsync://volico.mm.fcix.net/ubuntu-releases/",volico.mm.fcix.net,10 Gbps,N/A
United States,527 Gbps,Fremont Cabal Internet Exchange,"https://ziply.mm.fcix.net/ubuntu-releases/, http://ziply.mm.fcix.net/ubuntu-releases/, rsync://ziply.mm.fcix.net/ubuntu-releases/",ziply.mm.fcix.net,10 Gbps,N/A
United States,527 Gbps,GigeNET,"https://mirrors.gigenet.com/ubuntucd/, http://mirrors.gigenet.com/ubuntucd/",mirrors.gigenet.com,4 Gbps,N/A
United States,527 Gbps,N1OF,"https://mirror.n1of.com/cdimage/, http://mirror.n1of.com/cdimage/",mirror.n1of.com,2 Gbps,N/A
United States,527 Gbps,RustyTel,http://mirror.rustytel.net/ubuntu-releases/,mirror.rustytel.net,2 Gbps,N/A
United States,527 Gbps,Kernel.org,"http://mirrors.us.kernel.org/ubuntu-releases/, ftp://mirrors.us.kernel.org/ubuntu-releases/, rsync://mirrors.us.kernel.org/ubuntu-releases/",mirrors.us.kernel.org,2 Gbps,N/A
United States,527 Gbps,OSU Open Source Lab,"https://ubuntu.osuosl.org/releases/, http://ubuntu.osuosl.org/releases/, ftp://ubuntu.osuosl.org/pub/ubuntu-releases/, rsync://ubuntu.osuosl.org/ubuntu-releases/",ubuntu.osuosl.org,2 Gbps,N/A
United States,527 Gbps,Fremont Cabal Internet Exchange,"https://abqix.mm.fcix.net/ubuntu-releases/, http://abqix.mm.fcix.net/ubuntu-releases/, rsync://abqix.mm.fcix.net/ubuntu-releases/",abqix.mm.fcix.net,1 Gbps,N/A
United States,527 Gbps,FCIX/CodingFlyBoy MicroMirror,"https://codingflyboy.mm.fcix.net/ubuntu-releases/, http://codingflyboy.mm.fcix.net/ubuntu-releases/, rsync://codingflyboy.mm.fcix.net/ubuntu-releases/",codingflyboy.mm.fcix.net,1 Gbps,N/A
United States,527 Gbps,Fremont Cabal Internet Exchange,"https://coresite.mm.fcix.net/ubuntu-releases/, http://coresite.mm.fcix.net/ubuntu-releases/, rsync://coresite.mm.fcix.net/ubuntu-releases/",coresite.mm.fcix.net,1 Gbps,N/A
United States,527 Gbps,Fremont Cabal Internet Exchange,"https://irltoolkit.mm.fcix.net/ubuntu-releases/, http://irltoolkit.mm.fcix.net/ubuntu-releases/, rsync://irltoolkit.mm.fcix.net/ubuntu-releases/",irltoolkit.mm.fcix.net,1 Gbps,N/A
United States,527 Gbps,Fremont Cabal Internet Exchange,"https://lolhost.mm.fcix.net/ubuntu-releases/, http://lolhost.mm.fcix.net/ubuntu-releases/, rsync://lolhost.mm.fcix.net/ubuntu-releases/",lolhost.mm.fcix.net,1 Gbps,N/A
United States,527 Gbps,Michigan Tech Linux Users' Group,"http://lug.mtu.edu/ubuntu-iso/, ftp://lug.mtu.edu/ubuntu-iso/, rsync://lug.mtu.edu/ubuntu-iso/",lug.mtu.edu,1 Gbps,N/A
United States,527 Gbps,Clarkson University,"https://mirror.clarkson.edu/ubuntu-releases/, http://mirror.clarkson.edu/ubuntu-releases/, rsync://mirror.clarkson.edu/ubuntu-releases/",mirror.clarkson.edu,1 Gbps,N/A
United States,527 Gbps,Cogent Communications,"http://mirror.cogentco.com/pub/linux/ubuntu-releases/, rsync://mirror.cogentco.com/ubuntu-releases/",mirror.cogentco.com,1 Gbps,N/A
United States,527 Gbps,James Madison University Department of Computer Science,"https://mirror.cs.jmu.edu/pub/ubuntu-iso/, http://mirror.cs.jmu.edu/pub/ubuntu-iso/",mirror.cs.jmu.edu,1 Gbps,N/A
United States,527 Gbps,Freakinbananas,"http://mirror.freakinbananas.xyz/releases/, rsync://mirror.freakinbananas.xyz/ubuntu-releases/",mirror.freakinbananas.xyz,1 Gbps,N/A
United States,527 Gbps,MetroCast Cablevision,http://mirror.metrocast.net/ubuntu-releases/,mirror.metrocast.net,1 Gbps,N/A
United States,527 Gbps,MrJester,"https://mirror.mrjester.net/ubuntu/release/, http://mirror.mrjester.net/ubuntu/release/, rsync://mirror.mrjester.net/ubuntu-releases/",mirror.mrjester.net,1 Gbps,N/A
United States,527 Gbps,Nexcess,"https://mirror.nexcess.net/ubuntu-releases/, http://mirror.nexcess.net/ubuntu-releases/, ftp://mirror.nexcess.net/ubuntu-releases/",mirror.nexcess.net,1 Gbps,N/A
United States,527 Gbps,Steadfast Networks,"https://mirror.steadfastnet.com/ubuntu-releases/, http://mirror.steadfastnet.com/ubuntu-releases/, rsync://mirror.steadfastnet.com/ubuntu-releases/",mirror.steadfastnet.com,1 Gbps,N/A
United States,527 Gbps,Team Cymru,"http://mirror.team-cymru.com/ubuntu-releases/, ftp://mirror.team-cymru.com/ubuntu-releases/, rsync://mirror.team-cymru.com/ubuntu-releases/",mirror.team-cymru.com,1 Gbps,N/A
United States,527 Gbps,University of Oregon,"http://mirror.uoregon.edu/ubuntu-releases/, ftp://mirror.uoregon.edu/ubuntu-releases/",mirror.uoregon.edu,1 Gbps,N/A
United States,527 Gbps,Kamatera Inc.,http://mirror.us-ny2.kamatera.com/ubuntu-releases/,mirror.us-ny2.kamatera.com,1 Gbps,N/A
United States,527 Gbps,Kamatera Inc.,http://mirror.us-sc.kamatera.com/ubuntu-releases/,mirror.us-sc.kamatera.com,1 Gbps,N/A
United States,527 Gbps,Kamatera Inc.,http://mirror.us-tx.kamatera.com/ubuntu-releases/,mirror.us-tx.kamatera.com,1 Gbps,N/A
United States,527 Gbps,Wayne State University,"https://mirror.wayne.edu/ubuntu/releases/, http://mirror.wayne.edu/ubuntu/releases/, ftp://mirror.wayne.edu/ubuntu/releases/",mirror.wayne.edu,1 Gbps,N/A
United States,527 Gbps,Bay Mills Community College,https://mirrors.bmcc.edu/ubuntu-isos/,mirrors.bmcc.edu,1 Gbps,N/A
United States,527 Gbps,Portland State University,"https://mirrors.cat.pdx.edu/ubuntu-releases/, http://mirrors.cat.pdx.edu/ubuntu-releases/, rsync://mirrors.cat.pdx.edu/ubuntu-releases/",mirrors.cat.pdx.edu,1 Gbps,N/A
United States,527 Gbps,GigeNET,"https://mirrors.gigenet.com/ubuntu-releases/, http://mirrors.gigenet.com/ubuntu-releases/",mirrors.gigenet.com,1 Gbps,N/A
United States,527 Gbps,MTU Linux Users Group,"https://mirrors.lug.mtu.edu/ubuntu-releases/, http://mirrors.lug.mtu.edu/ubuntu-releases/, ftp://mirrors.lug.mtu.edu/ubuntu-releases/, rsync://mirrors.lug.mtu.edu/ubuntu-releases/",mirrors.lug.mtu.edu,1 Gbps,N/A
United States,527 Gbps,MIT SIPB,"https://mirrors.mit.edu/ubuntu-releases/, http://mirrors.mit.edu/ubuntu-releases/, rsync://mirrors.mit.edu/ubuntu-releases/",mirrors.mit.edu,1 Gbps,N/A
United States,527 Gbps,Open Computing Facility at UC Berkeley,"https://mirrors.ocf.berkeley.edu/ubuntu-releases/, http://mirrors.ocf.berkeley.edu/ubuntu-releases/, ftp://mirrors.ocf.berkeley.edu/ubuntu-releases/, rsync://mirrors.ocf.berkeley.edu/ubuntu-releases/",mirrors.ocf.berkeley.edu,1 Gbps,N/A
United States,527 Gbps,Sarakas,"https://mirrors.sarak.as/ubuntu-releases/, http://mirrors.sarak.as/ubuntu-releases/, ftp://mirrors.sarak.as/ubuntu-releases/",mirrors.sarak.as,1 Gbps,N/A
United States,527 Gbps,Xmission,"https://mirrors.xmission.com/ubuntu-cd/, http://mirrors.xmission.com/ubuntu-cd/, ftp://mirrors.xmission.com/ubuntu-cd/",mirrors.xmission.com,1 Gbps,N/A
United States,527 Gbps,Fremont Cabal Internet Exchange,"https://mnvoip.mm.fcix.net/ubuntu-releases/, http://mnvoip.mm.fcix.net/ubuntu-releases/, rsync://mnvoip.mm.fcix.net/ubuntu-releases/",mnvoip.mm.fcix.net,1 Gbps,N/A
United States,527 Gbps,Fremont Cabal Internet Exchange,"https://nullroute.mm.fcix.net/ubuntu-releases/, http://nullroute.mm.fcix.net/ubuntu-releases/, rsync://nullroute.mm.fcix.net/ubuntu-releases/",nullroute.mm.fcix.net,1 Gbps,N/A
United States,527 Gbps,Fremont Cabal Internet Exchange,"https://ohioix.mm.fcix.net/ubuntu-releases/, http://ohioix.mm.fcix.net/ubuntu-releases/, rsync://ohioix.mm.fcix.net/ubuntu-releases/",ohioix.mm.fcix.net,1 Gbps,N/A
United States,527 Gbps,Fremont Cabal Internet Exchange,"https://paducahix.mm.fcix.net/ubuntu-releases/, http://paducahix.mm.fcix.net/ubuntu-releases/, rsync://paducahix.mm.fcix.net/ubuntu-releases/",paducahix.mm.fcix.net,1 Gbps,N/A
United States,527 Gbps,Fremont Cabal Internet Exchange,"https://ryamer.mm.fcix.net/ubuntu-releases/, http://ryamer.mm.fcix.net/ubuntu-releases/, rsync://ryamer.mm.fcix.net/ubuntu-releases/",ryamer.mm.fcix.net,1 Gbps,N/A
United States,527 Gbps,Fremont Cabal Internet Exchange,"https://veronanetworks.mm.fcix.net/ubuntu-releases/, http://veronanetworks.mm.fcix.net/ubuntu-releases/, rsync://veronanetworks.mm.fcix.net/ubuntu-releases/",veronanetworks.mm.fcix.net,1 Gbps,N/A
United States,527 Gbps,Georgia Tech. Software Library,"http://www.gtlib.gatech.edu/pub/ubuntu-releases/, ftp://ftp.gtlib.gatech.edu/pub/ubuntu-releases/, rsync://rsync.gtlib.gatech.edu/ubuntu-releases/","www.gtlib.gatech.edu, ftp.gtlib.gatech.edu, rsync.gtlib.gatech.edu",1 Gbps,N/A
United States,527 Gbps,Michigan Tech Linux Users Group,"http://lug.mtu.edu/ubuntu-releases/, ftp://lug.mtu.edu/ubuntu-releases/, rsync://lug.mtu.edu/ubuntu-releases/",lug.mtu.edu,100 Mbps,N/A
United States,527 Gbps,Washington State University,http://mirrors.vcea.wsu.edu/ubuntu-releases/,mirrors.vcea.wsu.edu,100 Mbps,N/A
United States,527 Gbps,Mirror.cs.umn.edu,http://mirror.cs.umn.edu/ubuntu-releases/,mirror.cs.umn.edu,10 Mbps,N/A
United States,527 Gbps,"CERIAS, Purdue University","http://osmirrors.cerias.purdue.edu/pub/ubuntu-releases/, ftp://osmirrors.cerias.purdue.edu/pub/ubuntu-releases/",osmirrors.cerias.purdue.edu,10 Mbps,N/A
Viet Nam,2 Gbps,MeowSMP.net,"https://mirror.meowsmp.net/UbuntuReleases/, http://mirror.meowsmp.net/UbuntuReleases/, rsync://mirror.meowsmp.net/ubuntucd/",mirror.meowsmp.net,1 Gbps,N/A
Viet Nam,2 Gbps,vHost,"https://vn-mirrors.vhost.vn/ubuntu-release/, http://vn-mirrors.vhost.vn/ubuntu-release/",vn-mirrors.vhost.vn,1 Gbps,N/A
Viet Nam,2 Gbps,clearsky.vn,http://mirror.clearsky.vn/ubuntu-releases/,mirror.clearsky.vn,100 Mbps,N/A
Viet Nam,2 Gbps,Nhan Hoa,http://mirrors.nhanhoa.com/ubuntu-releases/,mirrors.nhanhoa.com,100 Mbps,N/A
Zimbabwe,1 Gbps,Zimbabwe Online,"http://mirror.zol.co.zw/ubuntu-releases/, ftp://mirror.zol.co.zw/ubuntu-releases/, rsync://mirror.zol.co.zw/releases/",mirror.zol.co.zw,1 Gbps,N/A
